{"11": null, "10": 156.28823852539062, "13": 229.0515899658203, "12": 176.9057159423828, "15": 229.0515899658203, "14": 229.0515899658203, "17": 98.28373718261719, "16": 553.6455078125, "18": 113.5618896484375, "1": 237.65447998046875, "0": null, "3": 237.65447998046875, "2": 237.65447998046875, "5": 237.65447998046875, "4": 237.65447998046875, "7": 275.3571472167969, "6": 237.65447998046875, "9": 220.4853515625, "8": 240.18594360351562}