{"1": 48.01068878173828, "0": null, "3": 120.4562759399414, "2": 2359.319091796875, "4": null}