{"10": 113.5618896484375, "1": 231.02212524414062, "0": null, "3": 231.02212524414062, "2": 248.65333557128906, "5": 231.02212524414062, "4": 231.02212524414062, "7": 226.92611694335938, "6": 226.92611694335938, "9": 231.1779327392578, "8": 231.1779327392578}