{"10": 265.396240234375, "1": 165.36244201660156, "0": null, "3": 784.1519165039062, "2": 719.5431518554688, "5": null, "4": 219.39256286621094, "7": 219.39256286621094, "6": 660.96044921875, "9": 111.56810760498047, "8": null}