{"1": 99.05876922607422, "0": null, "3": 141.35902404785156, "2": 497.72283935546875, "5": 498.5155029296875, "4": 1007.512451171875, "7": 498.5155029296875, "6": 1663.5567626953125, "8": null}