{"11": 498.5155029296875, "1": 318.21673583984375, "13": 98.30352020263672, "12": 156.28823852539062, "20": 113.5618896484375, "14": 236.85260009765625, "17": 231.1779327392578, "16": 398.5359802246094, "19": 98.28373718261719, "18": 260.62200927734375, "15": 236.85260009765625, "0": null, "3": 98.28373718261719, "2": 98.30352020263672, "5": 1582.0689697265625, "4": 99.05876922607422, "7": 156.28823852539062, "6": 127.98406219482422, "9": 99.05876922607422, "8": 98.28373718261719, "10": 1873.369873046875}