{"1": [[2, 0.625], [3, 0.375]], "2": [[26, 1.0]], "3": [[4, 1.0]], "4": [[5, 0.941], [22, 0.059]], "5": [[21, 0.059], [7, 0.941]], "7": [[9, 0.625], [10, 0.011625], [11, 0.363375]], "10": [[26, 1.0]], "11": [[12, 0.059], [13, 0.941]], "12": [[21, 1.0]], "13": [[14, 0.625], [19, 0.375]], "14": [[16, 0.5], [15, 0.5]], "15": [[16, 0.5], [19, 0.5]], "16": [[17, 0.5], [18, 0.5]], "17": [[18, 1.0]], "18": [[19, 1.0]], "21": [[25, 1.0]], "22": [[24, 0.5], [24, 0.5]], "24": [[25, 1.0]], "25": [[26, 1.0]], "26": [], "19": []}