{"11": 99.05876922607422, "10": 98.28373718261719, "13": 498.5155029296875, "12": 943.0120849609375, "15": 498.5155029296875, "14": null, "16": null, "1": 99.05876922607422, "0": null, "3": 498.5155029296875, "2": 160.02757263183594, "5": 99.05876922607422, "4": 231.1779327392578, "7": 99.05876922607422, "6": 214.0289764404297, "9": 498.5155029296875, "8": 941.7723999023438}