{"1": 161.01646423339844, "0": null, "3": 99.05876922607422, "2": null, "5": 219.9720001220703, "4": 1022.8756713867188, "7": 424.53363037109375, "6": 662.8182983398438, "8": null}