{"11": 680.1235961914062, "10": 118.337646484375, "13": null, "12": 400.80133056640625, "1": 203.06353759765625, "0": null, "3": null, "2": 99.51375579833984, "5": 97.94062805175781, "4": 99.51375579833984, "7": 99.51375579833984, "6": null, "9": 97.94062805175781, "8": 680.1235961914062}