{"24": 498.1036682128906, "25": 231.1779327392578, "26": 461.8074035644531, "27": 113.5618896484375, "20": 225.93731689453125, "21": 231.4198455810547, "22": 349.2142333984375, "23": 99.51375579833984, "1": 415.397705078125, "0": null, "3": 246.25938415527344, "2": 231.1779327392578, "5": 118.71705627441406, "4": 523.2097778320312, "7": 231.1779327392578, "6": 360.5436706542969, "9": null, "8": 2380.4921875, "11": 367.9544372558594, "10": 231.1779327392578, "13": 231.1779327392578, "12": null, "15": 262.1783142089844, "14": 161.01646423339844, "17": 231.1779327392578, "16": null, "19": 231.1779327392578, "18": null}