{"1": 156.28823852539062, "0": null, "2": 111.2505874633789}