{"1": 360.35638427734375, "0": null, "3": 113.5618896484375, "2": 782.9723510742188}