{"1": 48.01068878173828, "0": null, "3": 219.9720001220703, "2": 322.9853820800781, "4": null}