{"11": 127.98406219482422, "10": null, "13": 344.0721130371094, "12": 304.7680969238281, "14": null, "1": 165.36244201660156, "0": null, "3": 48.01068878173828, "2": 313.33837890625, "5": 784.1519165039062, "4": 2364.063232421875, "7": null, "6": 219.39256286621094, "9": 219.39256286621094, "8": 660.96044921875}