{"11": 97.94062805175781, "10": 426.8349914550781, "13": 265.3548583984375, "12": 421.21392822265625, "14": null, "1": null, "0": null, "3": 97.94062805175781, "2": 99.51375579833984, "5": 48.01068878173828, "4": 2348.011474609375, "7": 426.8349914550781, "6": 955.3383178710938, "9": 399.3731994628906, "8": 48.01068878173828}