{"1": 48.01068878173828, "0": null, "3": 777.9425659179688, "2": 1897.4775390625, "5": 498.5155029296875, "4": 383.6818542480469, "6": null}