{"11": 659.3159790039062, "10": 332.29168701171875, "13": 498.5155029296875, "12": 1457.253173828125, "14": null, "1": 161.01646423339844, "0": null, "3": 223.0052032470703, "2": 2378.6474609375, "5": 156.28823852539062, "4": 221.213134765625, "7": 221.213134765625, "6": 223.0052032470703, "9": 1380.988525390625, "8": 1181.2471923828125}