{"1": 110.06148529052734, "0": null, "3": 113.5618896484375, "2": 819.8748168945312}