{"10": 842.0733642578125, "1": null, "0": null, "3": null, "2": 99.51375579833984, "5": 48.01068878173828, "4": 221.6253204345703, "7": 127.98406219482422, "6": 644.0855102539062, "9": 106.80059814453125, "8": 485.350341796875}