{"1": 48.01068878173828, "0": null, "3": 219.9720001220703, "2": 214.9818878173828, "5": 48.01068878173828, "4": 195.64239501953125, "7": 219.9720001220703, "6": 160.98526000976562, "8": 255.79603576660156}