{"11": 1244.6458740234375, "10": 1244.6458740234375, "13": 1244.6458740234375, "12": 1244.6458740234375, "15": 156.28823852539062, "14": 1244.6458740234375, "17": null, "16": 1595.974365234375, "1": 165.36244201660156, "0": null, "3": 48.01068878173828, "2": 113.5618896484375, "5": 359.4571838378906, "4": 2351.878173828125, "7": 307.3526916503906, "6": 48.01068878173828, "9": 1244.6458740234375, "8": 1244.6458740234375}