{"24": 293.88104248046875, "25": null, "20": 459.18560791015625, "21": 340.4682922363281, "22": 156.28823852539062, "23": 255.55227661132812, "1": 217.2290496826172, "0": null, "3": null, "2": 449.0196533203125, "5": 613.8246459960938, "4": 61.066280364990234, "7": null, "6": 327.06561279296875, "9": 287.3338623046875, "8": 506.9934997558594, "11": 98.28373718261719, "10": 1436.2432861328125, "13": 297.04925537109375, "12": 159.49398803710938, "15": 972.3167114257812, "14": 340.4682922363281, "17": 156.28823852539062, "16": 738.7174682617188, "19": 159.49398803710938, "18": 1662.006591796875}