{"11": 161.01646423339844, "10": null, "13": null, "12": 99.51375579833984, "15": null, "14": null, "17": 219.9720001220703, "16": null, "19": null, "18": null, "1": 118.337646484375, "0": null, "3": null, "2": 206.5341339111328, "5": 99.51375579833984, "4": null, "7": 97.94062805175781, "6": null, "9": 217.2681884765625, "8": null}