{"1": 470.57659912109375, "0": null, "3": 505.85687255859375, "2": 505.85687255859375, "5": 99.51375579833984, "4": 729.806640625, "7": null, "6": null}