{"1": null, "0": null, "3": null, "2": 99.51375579833984, "5": 426.8349914550781, "4": 200.6115264892578, "6": null}