{"11": 498.5155029296875, "10": null, "12": 113.5618896484375, "1": 161.01646423339844, "0": null, "3": 498.5155029296875, "2": null, "5": 161.01646423339844, "4": 231.1779327392578, "7": 161.01646423339844, "6": 98.28373718261719, "9": 498.5155029296875, "8": null}