{"1": 165.36244201660156, "0": null, "3": 165.36244201660156, "2": 113.5618896484375, "5": 1966.59326171875, "4": 2375.80029296875, "6": null}