{"1": null, "0": null, "3": 164.402587890625, "2": 293.90643310546875, "5": 99.51375579833984, "4": null, "7": 1463.6806640625, "6": 339.439208984375, "9": 113.5618896484375, "8": 332.0897216796875}