{"11": null, "10": 555.8973999023438, "12": 113.5618896484375, "1": 541.3483276367188, "0": null, "3": 320.8287353515625, "2": 243.6998748779297, "5": 304.60113525390625, "4": null, "7": 304.60113525390625, "6": 304.60113525390625, "9": 447.6317138671875, "8": 304.60113525390625}