{"24": 811.4644165039062, "25": 127.98406219482422, "26": 447.7721862792969, "27": null, "20": 231.1779327392578, "21": 48.01068878173828, "22": 231.1779327392578, "23": 156.28823852539062, "1": null, "0": null, "3": 48.01068878173828, "2": 48.01068878173828, "5": 795.9645385742188, "4": 161.1508026123047, "7": 231.1779327392578, "6": 699.8513793945312, "9": 231.1779327392578, "8": 48.01068878173828, "11": 327.06561279296875, "10": 786.866455078125, "13": 400.5433044433594, "12": 98.58634948730469, "15": 400.5433044433594, "14": 98.58634948730469, "17": 294.4163818359375, "16": 48.01068878173828, "19": 48.01068878173828, "18": 327.06561279296875}