{"11": null, "10": 236.1651611328125, "13": 509.66143798828125, "12": 97.94062805175781, "15": null, "14": null, "17": 212.92173767089844, "16": 125.00655364990234, "18": null, "1": 170.32164001464844, "0": null, "3": 122.73473358154297, "2": 297.21148681640625, "5": null, "4": 236.1651611328125, "7": 236.1651611328125, "6": 111.2505874633789, "9": 111.45663452148438, "8": null}