{"1": 165.36244201660156, "0": null, "3": 165.36244201660156, "2": 113.5618896484375, "5": 1792.50244140625, "4": 2376.767578125, "6": null}