{"11": 293.90643310546875, "10": null, "13": null, "12": 48.01068878173828, "15": 48.01068878173828, "14": 293.90643310546875, "17": 293.90643310546875, "16": 156.28823852539062, "18": 785.4501342773438, "1": null, "0": null, "3": 48.01068878173828, "2": 293.90643310546875, "5": 293.90643310546875, "4": null, "7": null, "6": 48.01068878173828, "9": 48.01068878173828, "8": 293.90643310546875}