{"11": 110.06148529052734, "10": null, "13": 113.5618896484375, "12": 623.3134155273438, "1": null, "0": null, "3": null, "2": 206.5341339111328, "5": null, "4": 99.51375579833984, "7": null, "6": 160.5876922607422, "9": null, "8": 307.5412292480469}