{"11": 99.05876922607422, "10": 98.28373718261719, "13": 219.9720001220703, "12": 494.09716796875, "15": 424.53363037109375, "14": null, "16": null, "1": 161.01646423339844, "0": null, "3": 205.8589324951172, "2": 2372.161865234375, "5": 219.9720001220703, "4": 976.3126831054688, "7": 129.93984985351562, "6": 98.28373718261719, "9": 219.9720001220703, "8": 1341.9912109375}