{"1": [[3, 0.625], [2, 0.375]], "2": [[27, 1.0]], "3": [[4, 0.5], [5, 0.5]], "4": [[27, 1.0]], "5": [[8, 0.941], [6, 0.059]], "6": [[8, 0.625], [7, 0.375]], "7": [[27, 1.0]], "8": [[11, 0.3125], [10, 0.1875], [14, 0.3125], [13, 0.1875]], "10": [[27, 1.0]], "11": [[14, 0.625], [13, 0.375]], "13": [[27, 1.0]], "14": [[15, 0.5], [17, 0.1875], [20, 0.1953125], [19, 0.1171875]], "15": [[17, 0.375], [20, 0.390625], [19, 0.234375]], "17": [[27, 1.0]], "19": [[27, 1.0]], "20": [[23, 0.625], [21, 0.375]], "21": [[22, 0.5], [23, 0.5]], "22": [[23, 1.0]], "23": [[24, 0.059], [26, 0.941]], "24": [[26, 0.625], [25, 0.375]], "25": [[27, 1.0]], "26": [[27, 1.0]], "27": []}