{"1": 153.60194396972656, "0": null, "3": 451.9455261230469, "2": 451.9455261230469, "5": 481.78204345703125, "4": null, "6": null}