{"1": 165.36244201660156, "0": null, "3": 165.36244201660156, "2": 113.5618896484375, "5": 789.8984375, "4": 2379.430419921875, "6": null}