{"1": 48.01068878173828, "0": null, "3": 498.5155029296875, "2": 419.459228515625, "4": 402.6090087890625}