{"11": 219.9720001220703, "10": null, "12": null, "1": 161.01646423339844, "0": null, "3": 453.5209045410156, "2": 1813.7646484375, "5": 717.4027099609375, "4": 447.3915100097656, "7": 453.5209045410156, "6": 223.0052032470703, "9": 717.4027099609375, "8": 447.3915100097656}