{"20": 98.28373718261719, "21": 398.5466613769531, "22": 98.28373718261719, "23": 113.5618896484375, "1": 398.5359802246094, "0": null, "3": 98.30352020263672, "2": 156.28823852539062, "5": 204.32080078125, "4": 243.06399536132812, "7": 204.32080078125, "6": 204.32080078125, "9": 243.06399536132812, "8": 156.28823852539062, "11": 204.32080078125, "10": 204.32080078125, "13": 156.28823852539062, "12": 204.32080078125, "15": 398.5359802246094, "14": 98.28373718261719, "17": 208.75924682617188, "16": 156.28823852539062, "19": 204.32080078125, "18": 204.32080078125}