{"1": 124.51136016845703, "0": null, "3": 361.38739013671875, "2": 375.1767578125, "5": 332.33392333984375, "4": 156.28823852539062}