{"1": 156.28823852539062, "0": null, "3": 757.6220092773438, "2": 156.28823852539062, "5": 48.01068878173828, "4": 757.6220092773438, "7": 113.5618896484375, "6": 627.9801635742188}