{"1": 318.21673583984375, "0": null, "3": 318.21673583984375, "2": 99.51375579833984, "5": 113.5618896484375, "4": null}