{"11": 99.51375579833984, "10": 378.6006164550781, "13": 104.81421661376953, "12": 217.06903076171875, "15": 113.5618896484375, "14": 217.8739471435547, "1": 217.06903076171875, "0": null, "3": 98.28373718261719, "2": 99.51375579833984, "5": 146.77235412597656, "4": 231.1779327392578, "7": 293.90643310546875, "6": null, "9": 217.06903076171875, "8": 401.9861755371094}