{"11": null, "10": 160.5876922607422, "13": 206.5341339111328, "12": 97.94062805175781, "15": 97.94062805175781, "14": 287.37335205078125, "17": 97.94062805175781, "16": null, "19": 113.5618896484375, "18": 112.75567626953125, "1": 110.06148529052734, "0": null, "3": 99.51375579833984, "2": null, "5": 99.51375579833984, "4": 382.1488037109375, "7": 426.8349914550781, "6": null, "9": 160.14048767089844, "8": null}