{"1": 48.01068878173828, "0": null, "3": 219.9720001220703, "2": 480.60284423828125, "4": 100.74032592773438}