{"11": 219.9720001220703, "10": 471.3708190917969, "12": 583.1102905273438, "1": 161.01646423339844, "0": null, "3": 99.51375579833984, "2": 1556.7110595703125, "5": 118.337646484375, "4": 117.5715560913086, "7": 97.94062805175781, "6": 110.06148529052734, "9": null, "8": 110.06148529052734}