{"10": null, "1": 260.62200927734375, "0": null, "3": 260.62200927734375, "2": 99.51375579833984, "5": 260.62200927734375, "4": 99.51375579833984, "7": 260.62200927734375, "6": 99.51375579833984, "9": 434.9472351074219, "8": 99.51375579833984}