{"1": 231.1779327392578, "0": null, "3": 231.1779327392578, "2": 422.7987976074219, "5": 113.5618896484375, "4": 423.995849609375}