{"10": 113.5618896484375, "1": 398.5359802246094, "0": null, "3": 97.94062805175781, "2": 110.06148529052734, "5": null, "4": 284.84356689453125, "7": 110.06148529052734, "6": null, "9": 499.1519470214844, "8": 97.94062805175781}