{"11": 110.06148529052734, "10": 97.94062805175781, "13": null, "12": null, "14": 113.5618896484375, "1": 97.94062805175781, "0": null, "3": 97.94062805175781, "2": 97.94062805175781, "5": 97.94062805175781, "4": 97.94062805175781, "7": null, "6": 97.94062805175781, "9": 124.92677307128906, "8": null}