{"11": 97.73753356933594, "1": 47.80022430419922, "13": 231.1779327392578, "12": 532.1735229492188, "20": 113.5618896484375, "14": null, "17": 306.7701110839844, "16": 156.28823852539062, "19": 98.28373718261719, "18": 156.28823852539062, "15": 498.5155029296875, "0": null, "3": 97.73753356933594, "2": 98.28373718261719, "5": 231.1779327392578, "4": 532.1735229492188, "7": 498.5155029296875, "6": null, "9": 156.28823852539062, "8": 509.60198974609375, "10": 98.28373718261719}