{"20": null, "21": 113.5618896484375, "1": null, "0": null, "3": 48.01068878173828, "2": 293.90643310546875, "5": 293.90643310546875, "4": null, "7": 111.2505874633789, "6": 1113.1380615234375, "9": null, "8": 158.2405548095703, "11": 239.07774353027344, "10": 293.90643310546875, "13": 99.05876922607422, "12": 980.4567260742188, "15": null, "14": 422.44635009765625, "17": 498.5155029296875, "16": 1182.138671875, "19": 625.0261840820312, "18": 365.06610107421875}