{"1": 48.01068878173828, "0": null, "3": 498.5155029296875, "2": 613.9737548828125, "5": 48.01068878173828, "4": 625.217529296875, "7": 498.5155029296875, "6": 613.9737548828125, "8": 429.6234436035156}