{"11": 2383.01953125, "10": 498.5155029296875, "1": 99.51375579833984, "0": null, "3": 498.5155029296875, "2": 498.5155029296875, "5": 99.51375579833984, "4": null, "7": 498.5155029296875, "6": 498.5155029296875, "9": 99.51375579833984, "8": null}