{"1": null, "0": null, "3": 381.7315979003906, "2": 328.96771240234375}