{"20": 112.78191375732422, "21": 259.1430969238281, "22": null, "1": 138.91030883789062, "0": null, "3": 48.01068878173828, "2": 98.28373718261719, "5": 314.9847106933594, "4": 378.560791015625, "7": 223.77920532226562, "6": 48.01068878173828, "9": null, "8": 219.9720001220703, "11": 393.3761901855469, "10": 48.01068878173828, "13": 138.91030883789062, "12": 48.01068878173828, "15": 115.77635192871094, "14": 98.28373718261719, "17": 435.31976318359375, "16": 219.9720001220703, "19": 127.98406219482422, "18": null}