{"11": 160.4595489501953, "10": 110.06148529052734, "13": 2330.95166015625, "12": 2334.78369140625, "15": 521.9524536132812, "14": 2330.95166015625, "16": 113.5618896484375, "1": 99.05876922607422, "0": null, "3": 454.1510925292969, "2": 101.13536071777344, "5": 48.01068878173828, "4": 454.1510925292969, "7": 2367.816162109375, "6": 97.94062805175781, "9": 99.05876922607422, "8": 204.45025634765625}