{"11": 306.5155334472656, "10": 48.01068878173828, "13": 113.5618896484375, "12": 326.25140380859375, "1": 306.5155334472656, "0": null, "3": 306.5155334472656, "2": 48.01068878173828, "5": 306.5155334472656, "4": 48.01068878173828, "7": 306.5155334472656, "6": 48.01068878173828, "9": 306.5155334472656, "8": 48.01068878173828}