{"1": 1069.742919921875, "0": null, "3": 113.5618896484375, "2": 231.1779327392578}