{"1": 219.39256286621094, "0": null, "3": 111.2505874633789, "2": 334.1507263183594}