{"11": 155.14376831054688, "10": 98.28373718261719, "13": 155.14376831054688, "12": 231.1779327392578, "15": 155.14376831054688, "14": 231.1779327392578, "17": 231.1779327392578, "16": 231.1779327392578, "18": 113.5618896484375, "1": 48.01068878173828, "0": null, "3": 344.0721130371094, "2": 344.0721130371094, "5": 48.01068878173828, "4": null, "7": 344.0721130371094, "6": 344.0721130371094, "9": 155.31153869628906, "8": null}