{"1": 293.91815185546875, "0": null, "3": 293.91815185546875, "2": 702.3447875976562, "4": 381.7315979003906}