{"1": 48.01068878173828, "0": null, "3": 219.9720001220703, "2": 911.0877075195312, "4": null}