{"1": 48.01068878173828, "0": null, "3": 619.8890991210938, "2": 168.92556762695312, "5": 498.5155029296875, "4": null, "6": null}