{"1": 98.28373718261719, "0": null, "3": 1307.459228515625, "2": 48.01068878173828, "5": null, "4": 502.5824279785156, "7": 156.28823852539062, "6": 498.5155029296875, "8": 2220.42724609375}