{"1": 156.28823852539062, "0": null, "3": 231.1779327392578, "2": 144.04083251953125, "5": 146.58111572265625, "4": 156.28823852539062, "7": 156.28823852539062, "6": 510.18560791015625, "9": 113.5618896484375, "8": 531.4125366210938}