{"11": 498.5155029296875, "1": 99.05876922607422, "13": 99.05876922607422, "12": 98.28373718261719, "20": null, "14": 654.4027709960938, "17": 498.5155029296875, "16": null, "19": 498.5155029296875, "18": null, "15": 498.5155029296875, "0": null, "3": 99.05876922607422, "2": 98.28373718261719, "5": 99.05876922607422, "4": 98.28373718261719, "7": 99.05876922607422, "6": 340.5136413574219, "9": 498.5155029296875, "8": 1413.97314453125, "10": null}