{"1": 48.01068878173828, "0": null, "3": 219.9720001220703, "2": 384.25994873046875, "4": 300.5464172363281}