{"11": 498.5155029296875, "10": 892.970947265625, "13": 498.5155029296875, "12": 735.8031005859375, "15": 498.5155029296875, "14": null, "16": null, "1": 99.05876922607422, "0": null, "3": 141.35902404785156, "2": 693.2730102539062, "5": 498.5155029296875, "4": 920.5451049804688, "7": 99.05876922607422, "6": 971.7656860351562, "9": 141.35902404785156, "8": 756.1473999023438}