{"1": 134.5652618408203, "0": null, "3": 381.7315979003906, "2": 496.0799560546875}