{"24": null, "25": null, "26": 435.2791442871094, "27": 99.68372344970703, "20": 240.23997497558594, "21": null, "22": null, "23": 98.38933563232422, "28": 435.2791442871094, "29": null, "1": 239.12054443359375, "0": null, "3": 665.167236328125, "2": 229.0515899658203, "5": 99.05876922607422, "4": 280.7289123535156, "7": 460.95513916015625, "6": 195.20236206054688, "9": 100.37519073486328, "8": 156.28823852539062, "11": 264.4161071777344, "10": 47.80022430419922, "13": null, "12": 335.15472412109375, "15": 400.94403076171875, "14": 240.23997497558594, "17": 233.26649475097656, "16": 241.54298400878906, "19": 240.23997497558594, "18": 240.23997497558594}