{"1": 435.795166015625, "0": null, "3": null, "2": 1118.830322265625}