{"1": 220.2556610107422, "0": null, "2": 916.3457641601562}