{"1": null, "0": null, "3": 106.80059814453125, "2": 97.94062805175781, "5": 196.76478576660156, "4": null, "6": null}