{"24": 224.26686096191406, "25": 156.28823852539062, "26": null, "27": null, "20": 781.384033203125, "21": 781.384033203125, "22": null, "23": 156.28823852539062, "28": null, "1": 417.5519714355469, "0": null, "3": 2360.493896484375, "2": 804.9677734375, "5": 156.28823852539062, "4": 121.64833068847656, "7": 1145.8592529296875, "6": 48.01068878173828, "9": 121.64833068847656, "8": 2362.80908203125, "11": 436.7330322265625, "10": 156.28823852539062, "13": 132.94949340820312, "12": 112.82005310058594, "15": 728.7449340820312, "14": 48.01068878173828, "17": 156.28823852539062, "16": 498.5155029296875, "19": 781.384033203125, "18": 781.384033203125}