{"11": 498.5155029296875, "10": null, "12": 300.016357421875, "1": 99.05876922607422, "0": null, "3": 265.1156005859375, "2": 1006.486083984375, "5": 498.5155029296875, "4": null, "7": 99.05876922607422, "6": 231.1779327392578, "9": 265.1156005859375, "8": 1006.486083984375}