{"1": 48.01068878173828, "0": null, "3": 509.28936767578125, "2": 435.7318420410156, "4": 107.81246185302734}