{"1": 260.62200927734375, "0": null, "2": 415.5135192871094}