{"1": 156.28823852539062, "0": null, "3": 156.28823852539062, "2": 48.01068878173828, "5": null, "4": 219.39256286621094, "6": null}