{"11": null, "10": 698.096923828125, "1": 165.36244201660156, "0": null, "3": 231.1779327392578, "2": 97.52190399169922, "5": 231.1779327392578, "4": 97.52190399169922, "7": null, "6": 400.908447265625, "9": 234.38926696777344, "8": 2333.1376953125}