{"1": 753.1470947265625, "0": null, "3": 113.5618896484375, "2": 231.1779327392578}