{"11": 924.6315307617188, "10": 156.28823852539062, "13": 105.79121398925781, "12": null, "15": 223.66543579101562, "14": 178.25045776367188, "17": 97.22208404541016, "16": 528.42236328125, "1": 178.25045776367188, "0": null, "3": 115.00199890136719, "2": 197.03506469726562, "5": 322.11376953125, "4": 47.80022430419922, "7": 239.32601928710938, "6": 47.80022430419922, "9": 280.7289123535156, "8": 115.00199890136719}