{"1": 421.12200927734375, "0": null, "2": 624.81591796875}