{"1": 224.46234130859375, "0": null, "3": 98.98808288574219, "2": 1216.8431396484375, "5": 344.0721130371094, "4": 296.1674499511719, "6": 390.3485107421875}