{"11": null, "10": null, "13": 156.28823852539062, "12": 105.66383361816406, "14": null, "1": null, "0": null, "3": 340.22296142578125, "2": 478.0650634765625, "5": 492.4450378417969, "4": 407.1180419921875, "7": 492.4450378417969, "6": 407.1180419921875, "9": null, "8": 156.28823852539062}