{"11": 113.5618896484375, "10": 113.5618896484375, "1": 507.84161376953125, "0": null, "3": 507.84161376953125, "2": 1176.554443359375, "5": 197.64413452148438, "4": 125.33550262451172, "7": 217.96713256835938, "6": 246.66941833496094, "9": 446.02532958984375, "8": 203.2999725341797}