{"1": [[2, 0.5], [16, 0.5]], "2": [[3, 0.0], [7, 1.0]], "3": [[4, 0.5], [5, 0.5]], "4": [[7, 1.0]], "5": [[7, 1.0]], "7": [[14, 0.0], [9, 1.0]], "9": [[10, 0.889], [12, 0.098679], [13, 0.012321]], "10": [[12, 0.889], [13, 0.111]], "13": [[14, 1.0]], "14": [[15, 1.0]], "16": [], "12": [], "15": []}