{"1": 375.2760314941406, "0": null, "3": null, "2": 99.51375579833984, "5": null, "4": 1264.1138916015625, "7": 2368.3525390625, "6": 1526.9852294921875, "8": 113.5618896484375}