{"11": 1134.479736328125, "10": 156.28823852539062, "13": 365.6119689941406, "12": null, "15": 127.98406219482422, "14": null, "16": 156.28823852539062, "1": 231.21383666992188, "0": null, "3": 477.5574645996094, "2": 99.51375579833984, "5": 984.4346923828125, "4": 1734.3062744140625, "7": 98.28373718261719, "6": null, "9": 944.7728881835938, "8": 99.05876922607422}