{"1": 580.0542602539062, "0": null, "3": 749.1380615234375, "2": 48.01068878173828, "5": 749.1380615234375, "4": 48.01068878173828, "7": 749.1380615234375, "6": 48.01068878173828, "8": 774.1591186523438}