{"11": 498.5155029296875, "10": 2382.563232421875, "13": 498.5155029296875, "12": 2382.9775390625, "15": 498.5155029296875, "14": null, "16": null, "1": 99.05876922607422, "0": null, "3": 99.05876922607422, "2": 98.28373718261719, "5": 99.05876922607422, "4": 98.28373718261719, "7": 498.5155029296875, "6": 2383.161376953125, "9": 99.05876922607422, "8": 2382.261962890625}