{"1": 242.07627868652344, "0": null, "2": 264.9913330078125}