{"11": 157.77540588378906, "10": 231.1779327392578, "13": 231.1779327392578, "12": 48.01068878173828, "15": 48.01068878173828, "14": null, "17": 156.28823852539062, "16": 231.1779327392578, "19": 113.5618896484375, "18": 231.1779327392578, "1": 156.28823852539062, "0": null, "3": 156.28823852539062, "2": 156.28823852539062, "5": 156.28823852539062, "4": 156.28823852539062, "7": 231.1779327392578, "6": 231.1779327392578, "9": 231.1779327392578, "8": 231.1779327392578}