{"1": [[13, 1.0]], "2": [[3, 0.941], [4, 0.059]], "3": [[13, 1.0]], "4": [[5, 0.5], [6, 0.5]], "5": [[9, 1.0]], "6": [[7, 0.5], [9, 0.5]], "7": [[9, 1.0]], "9": [[12, 0.375], [12, 0.234375], [13, 0.390625]], "12": [[13, 1.0]], "13": []}