{"1": 541.6405639648438, "0": null, "3": 111.2505874633789, "2": 286.9801330566406}