{"1": 118.337646484375, "0": null, "3": 48.01068878173828, "2": null, "5": 160.5876922607422, "4": 110.06148529052734, "7": 154.1780242919922, "6": 162.67271423339844, "8": 242.2073516845703}