{"11": 407.6988830566406, "10": 407.6988830566406, "13": 156.28823852539062, "12": 476.4193420410156, "15": 782.9723510742188, "14": 98.28373718261719, "16": 113.5618896484375, "1": 98.30352020263672, "0": null, "3": 423.0169982910156, "2": 349.32611083984375, "5": 407.6988830566406, "4": 407.6988830566406, "7": 156.28823852539062, "6": 368.4794006347656, "9": 338.18292236328125, "8": 349.32611083984375}