{"1": 99.51375579833984, "0": null, "3": null, "2": 118.337646484375, "5": 160.93353271484375, "4": 160.2131805419922, "7": null, "6": null, "8": null}