{"1": 97.94062805175781, "0": null, "3": 126.29124450683594, "2": 453.79180908203125, "5": null, "4": null}