{"20": 368.00921630859375, "21": null, "22": 231.1779327392578, "23": 113.5618896484375, "1": 164.9205322265625, "0": null, "3": 435.2791442871094, "2": 119.50780487060547, "5": 99.51375579833984, "4": 118.71705627441406, "7": 231.1779327392578, "6": 536.7647705078125, "9": 621.15673828125, "8": 209.43568420410156, "11": 368.00921630859375, "10": 231.1779327392578, "13": 513.5096435546875, "12": 99.51375579833984, "15": null, "14": 321.77099609375, "17": 231.1779327392578, "16": 536.7647705078125, "19": 1112.3349609375, "18": 156.28823852539062}