{"24": null, "20": 213.456787109375, "21": 48.01068878173828, "22": 209.43568420410156, "23": 768.0466918945312, "1": 48.01068878173828, "0": null, "3": 48.01068878173828, "2": 213.456787109375, "5": 156.28823852539062, "4": 209.43568420410156, "7": 48.01068878173828, "6": 99.51375579833984, "9": 48.01068878173828, "8": 213.456787109375, "11": 156.28823852539062, "10": 209.43568420410156, "13": 191.61383056640625, "12": 48.01068878173828, "15": 213.456787109375, "14": 48.01068878173828, "17": 209.43568420410156, "16": 48.01068878173828, "19": 48.01068878173828, "18": 156.28823852539062}