{"1": 359.4571838378906, "0": null, "2": 113.5618896484375}