{"10": null, "1": 347.67413330078125, "0": null, "3": 98.28373718261719, "2": 766.7933959960938, "5": 466.7452392578125, "4": 48.01068878173828, "7": 206.5341339111328, "6": 498.5155029296875, "9": 1086.3885498046875, "8": 435.2791442871094}