{"24": null, "25": 98.28373718261719, "26": 113.5618896484375, "20": 231.1779327392578, "21": 156.28823852539062, "22": null, "23": null, "1": 217.06903076171875, "0": null, "3": 217.06903076171875, "2": 397.0888671875, "5": 409.0968017578125, "4": 407.1180419921875, "7": 577.2901611328125, "6": 407.7121887207031, "9": 400.1174621582031, "8": 48.01068878173828, "11": 217.06903076171875, "10": 156.28823852539062, "13": 409.0968017578125, "12": 407.1180419921875, "15": 217.06903076171875, "14": 576.6942749023438, "17": 409.0968017578125, "16": 407.1180419921875, "19": 99.0981216430664, "18": 576.6942749023438}