{"1": 98.51567077636719, "0": null, "3": 278.6580810546875, "2": 278.4162902832031, "5": 498.5155029296875, "4": null, "7": 111.2505874633789, "6": 231.1779327392578}