{"11": 196.4564208984375, "10": 310.23089599609375, "12": 105.30901336669922, "1": 222.48118591308594, "0": null, "3": 242.67274475097656, "2": 169.43861389160156, "5": 604.6859130859375, "4": 48.01068878173828, "7": null, "6": 567.4715576171875, "9": 189.64114379882812, "8": null}