{"1": 99.05876922607422, "0": null, "3": 219.9720001220703, "2": 298.9783935546875, "4": null}