{"1": 48.01068878173828, "0": null, "3": 219.39256286621094, "2": 359.0087890625, "5": 48.01068878173828, "4": 303.42498779296875, "7": 219.39256286621094, "6": 359.0087890625, "8": 99.0981216430664}