{"11": 219.9720001220703, "10": null, "13": 490.472412109375, "12": 2363.26318359375, "15": 219.9720001220703, "14": 129.587890625, "16": null, "1": 161.01646423339844, "0": null, "3": 99.05876922607422, "2": 355.64410400390625, "5": 99.05876922607422, "4": 198.84173583984375, "7": 99.05876922607422, "6": 597.8587036132812, "9": 219.9720001220703, "8": 618.242919921875}