{"11": 303.3667297363281, "1": 231.1779327392578, "13": 231.1779327392578, "12": 797.6177368164062, "20": 113.5618896484375, "14": null, "17": 48.01068878173828, "16": null, "19": 217.96713256835938, "18": 499.64727783203125, "15": 156.28823852539062, "0": null, "3": 48.01068878173828, "2": null, "5": 1934.0194091796875, "4": 466.3956604003906, "7": 156.28823852539062, "6": 231.1779327392578, "9": 1129.93212890625, "8": 48.01068878173828, "10": 231.1779327392578}