{"11": 219.9720001220703, "10": null, "13": 219.9720001220703, "12": null, "14": 2397.99365234375, "1": 99.05876922607422, "0": null, "3": 99.05876922607422, "2": 113.5618896484375, "5": 99.05876922607422, "4": 911.7477416992188, "7": 2363.42236328125, "6": 217.27365112304688, "9": 219.9720001220703, "8": null}