{"11": 203.66285705566406, "10": 98.28373718261719, "13": 219.9720001220703, "12": 185.9125518798828, "15": 113.5618896484375, "14": 110.06148529052734, "1": 110.06148529052734, "0": null, "3": 398.5359802246094, "2": 508.2088928222656, "5": 97.94062805175781, "4": 110.06148529052734, "7": 398.5359802246094, "6": 828.7896118164062, "9": 97.94062805175781, "8": 110.06148529052734}