{"11": 346.07611083984375, "1": 200.6115264892578, "13": 101.62382507324219, "12": 99.51375579833984, "20": null, "14": null, "17": null, "16": null, "19": 764.067626953125, "18": 555.4183959960938, "15": null, "0": null, "3": null, "2": null, "5": 106.80059814453125, "4": 106.80059814453125, "7": 200.6115264892578, "6": null, "9": 118.337646484375, "8": 118.337646484375, "10": null}