{"1": [[4, 0.625], [5, 0.375]], "4": [[18, 1.0]], "5": [[18, 1.0]], "7": [[8, 0.375], [18, 0.625]], "8": [[9, 0.625], [18, 0.375]], "9": [[11, 0.375], [18, 0.625]], "11": [[12, 1.0]], "12": [[13, 0.059], [16, 0.352875], [18, 0.588125]], "13": [[16, 0.375], [18, 0.625]], "18": [[19, 0.625]], "19": []}