{"1": 216.50064086914062, "0": null, "3": 219.9720001220703, "2": 115.77635192871094, "5": 228.76754760742188, "4": 276.3995056152344, "7": null, "6": 438.5602722167969}