{"1": 310.54046630859375, "0": null, "3": 220.2556610107422, "2": 687.400146484375, "5": 99.51375579833984, "4": null, "7": 224.96975708007812, "6": 235.93441772460938, "8": 183.37953186035156}