{"11": 282.64849853515625, "10": 498.5155029296875, "13": 475.90740966796875, "12": 156.28823852539062, "14": 113.5618896484375, "1": 332.14984130859375, "0": null, "3": null, "2": 48.01068878173828, "5": 98.98808288574219, "4": 97.52190399169922, "7": null, "6": 156.28823852539062, "9": 111.56810760498047, "8": 344.0721130371094}