{"11": null, "10": 97.94062805175781, "13": 113.5618896484375, "12": 556.7750854492188, "1": null, "0": null, "3": 160.5876922607422, "2": null, "5": 206.5341339111328, "4": null, "7": null, "6": 99.51375579833984, "9": 110.06148529052734, "8": null}