{"3": [[12, 1.0], [5, 0.0]], "5": [[6, 0.969]], "6": [[8, 0.625], [9, 0.011625], [10, 0.363375]], "9": [[13, 1.0]], "12": [[13, 1.0]], "10": [], "13": []}