{"1": 165.36244201660156, "0": null, "3": 327.44775390625, "2": 697.7425537109375, "5": null, "4": 751.8795166015625}