{"1": 48.01068878173828, "0": null, "3": 344.0721130371094, "2": 2249.129150390625, "4": null}