{"1": 1407.83984375, "0": null, "3": 809.215576171875, "2": 913.2749633789062, "5": 1129.8509521484375, "4": 223.12242126464844, "7": 213.456787109375, "6": null, "8": null}