{"11": 460.583251953125, "10": 219.9720001220703, "13": null, "12": 127.98406219482422, "1": 99.05876922607422, "0": null, "3": 1205.989013671875, "2": 1250.20654296875, "5": 997.4942626953125, "4": 401.13726806640625, "7": 2372.25439453125, "6": 48.01068878173828, "9": 2366.353759765625, "8": 549.6915893554688}