{"11": 593.1500854492188, "10": 378.560791015625, "13": null, "12": 426.8100280761719, "15": 1080.7640380859375, "14": 127.98406219482422, "17": 1003.7227172851562, "16": 99.51375579833984, "19": null, "18": 261.24835205078125, "1": 99.51375579833984, "0": null, "3": 97.94062805175781, "2": 158.41024780273438, "5": 161.01646423339844, "4": 98.28373718261719, "7": 325.21673583984375, "6": 2361.985107421875, "9": 48.01068878173828, "8": 98.28373718261719}