{"1": 921.597900390625, "0": null, "3": null, "2": 786.4671020507812}