{"24": 327.06561279296875, "25": null, "26": 129.587890625, "27": 629.685546875, "20": 498.5155029296875, "21": 403.6488952636719, "22": 231.1779327392578, "23": null, "28": 113.5618896484375, "1": 381.6098937988281, "0": null, "3": 552.4283447265625, "2": 507.84161376953125, "5": 125.314697265625, "4": 507.84161376953125, "7": 98.28373718261719, "6": 507.84161376953125, "9": 549.2974243164062, "8": 48.01068878173828, "11": 231.1779327392578, "10": null, "13": 549.2974243164062, "12": 48.01068878173828, "15": 538.3419799804688, "14": null, "17": 98.28373718261719, "16": 231.1779327392578, "19": 937.894287109375, "18": 130.20193481445312}