{"1": [[3, 0.625], [2, 0.375]], "2": [[28, 1.0]], "3": [[4, 0.375], [5, 0.625]], "4": [[28, 1.0]], "5": [[6, 0.375], [7, 0.625]], "6": [[7, 1.0]], "7": [[8, 1.0]], "8": [[9, 0.625], [11, 0.363375], [27, 0.011625]], "9": [[11, 0.969], [27, 0.031]], "11": [[12, 1.0]], "12": [[13, 0.625], [15, 0.363375], [26, 0.011625]], "13": [[15, 0.969], [26, 0.031]], "15": [[17, 0.969], [16, 0.031]], "16": [[26, 1.0]], "17": [[18, 1.0]], "18": [[19, 0.969], [21, 0.031]], "19": [[20, 1.0]], "21": [[22, 0.031], [24, 0.969]], "22": [[26, 1.0]], "27": [[28, 1.0]], "24": [], "26": [], "20": [], "28": []}