{"10": null, "1": 48.01068878173828, "0": null, "3": 2364.13330078125, "2": 1054.5479736328125, "5": 127.98406219482422, "4": 2381.45361328125, "7": 48.01068878173828, "6": 199.8825225830078, "9": 219.9720001220703, "8": 2374.02099609375}