{"1": 161.01646423339844, "0": null, "3": 48.01068878173828, "2": 2372.65234375, "5": 219.9720001220703, "4": 1177.784423828125, "7": 219.9720001220703, "6": 1006.803466796875, "8": null}