{"1": 48.01068878173828, "0": null, "3": 233.71609497070312, "2": 1599.1578369140625, "4": 113.5618896484375}