{"10": null, "1": 356.775146484375, "0": null, "3": 370.79864501953125, "2": 305.46722412109375, "5": 606.4962158203125, "4": 99.05876922607422, "7": 99.51375579833984, "6": 127.98406219482422, "9": 399.31561279296875, "8": 603.633056640625}