{"1": 855.9154663085938, "0": null, "3": 113.5618896484375, "2": 815.263427734375}