{"1": 198.84173583984375, "0": null, "3": 581.3361206054688, "2": 48.01068878173828, "5": 174.74945068359375, "4": null, "7": 313.7668762207031, "6": 686.5726318359375, "8": 324.8150634765625}