{"11": 219.9720001220703, "10": 480.60284423828125, "12": 193.84921264648438, "1": null, "0": null, "3": null, "2": 48.01068878173828, "5": 48.01068878173828, "4": 798.5348510742188, "7": 219.9720001220703, "6": 185.9125518798828, "9": 48.01068878173828, "8": 98.28373718261719}