{"11": 783.4788208007812, "10": 783.4788208007812, "13": 387.4290771484375, "12": null, "15": 156.28823852539062, "14": 48.01068878173828, "16": null, "1": 744.3170776367188, "0": null, "3": 132.94949340820312, "2": 112.82005310058594, "5": 730.8762817382812, "4": 48.01068878173828, "7": 156.28823852539062, "6": 498.5155029296875, "9": 783.4788208007812, "8": 783.4788208007812}