{"11": 238.4849395751953, "10": 144.35475158691406, "13": 111.56810760498047, "12": 344.9325866699219, "15": 156.28823852539062, "14": 127.98406219482422, "16": null, "1": 48.01068878173828, "0": null, "3": 144.35475158691406, "2": 313.9664306640625, "5": 2363.554931640625, "4": 97.95117950439453, "7": 498.5155029296875, "6": 111.56810760498047, "9": 202.58026123046875, "8": null}