{"11": 498.5155029296875, "10": 1829.3187255859375, "12": null, "1": 48.01068878173828, "0": null, "3": 498.5155029296875, "2": 2050.00439453125, "5": 48.01068878173828, "4": 98.28373718261719, "7": 498.5155029296875, "6": 1829.3187255859375, "9": 48.01068878173828, "8": 231.1779327392578}