{"1": 48.01068878173828, "0": null, "3": 498.5155029296875, "2": 214.9818878173828, "5": 48.01068878173828, "4": 2384.31201171875, "7": 809.8920288085938, "6": 1627.106689453125, "8": null}