{"24": null, "25": 498.5155029296875, "26": 381.7315979003906, "20": 233.84837341308594, "21": 161.01646423339844, "22": 233.84837341308594, "23": 640.973388671875, "1": 310.54046630859375, "0": null, "3": 165.36244201660156, "2": 996.2251586914062, "5": 231.1779327392578, "4": 366.1853942871094, "7": 481.4227600097656, "6": 97.73753356933594, "9": 212.1623077392578, "8": 156.28823852539062, "11": 1032.9305419921875, "10": 165.36244201660156, "13": 161.01646423339844, "12": 233.84837341308594, "15": 161.01646423339844, "14": 233.84837341308594, "17": 161.01646423339844, "16": 233.84837341308594, "19": 161.01646423339844, "18": 233.84837341308594}