{"20": 260.7198486328125, "21": 113.5618896484375, "1": 305.96954345703125, "0": null, "3": 156.54251098632812, "2": 300.2542724609375, "5": 220.4853515625, "4": 220.4853515625, "7": 220.29754638671875, "6": null, "9": 99.51375579833984, "8": null, "11": 2174.92626953125, "10": 830.2054443359375, "13": 698.4422607421875, "12": 99.05876922607422, "15": 256.8954162597656, "14": 553.2296142578125, "17": 127.98406219482422, "16": null, "19": 62.15631103515625, "18": 156.28823852539062}