{"11": null, "10": 338.36859130859375, "1": 286.9801330566406, "0": null, "3": 335.6671142578125, "2": 246.1939697265625, "5": 241.27719116210938, "4": 97.52190399169922, "7": 99.51375579833984, "6": 286.9801330566406, "9": 99.51375579833984, "8": 338.36859130859375}