{"11": null, "10": 148.65284729003906, "13": 578.980712890625, "12": 48.01068878173828, "14": null, "1": 99.51375579833984, "0": null, "3": 304.60113525390625, "2": 304.60113525390625, "5": 304.60113525390625, "4": null, "7": 2356.851806640625, "6": 2371.6162109375, "9": null, "8": 650.982421875}