{"11": 113.5618896484375, "10": 892.7108154296875, "1": 238.01393127441406, "0": null, "3": null, "2": 226.2313232421875, "5": 156.28823852539062, "4": 452.2210998535156, "7": 388.56170654296875, "6": null, "9": 452.2210998535156, "8": null}