{"11": 1212.838623046875, "10": 653.9898071289062, "13": 113.5618896484375, "12": 113.5618896484375, "1": 48.01068878173828, "0": null, "3": 231.1779327392578, "2": 209.6243133544922, "5": 498.5155029296875, "4": null, "7": 454.2608947753906, "6": 99.51375579833984, "9": 99.51375579833984, "8": 567.7659912109375}