{"1": 98.28373718261719, "0": null, "3": 1964.410888671875, "2": 99.45848083496094, "5": 451.2569580078125, "4": 340.4682922363281, "6": null}