{"11": 105.30901336669922, "10": 196.4564208984375, "1": 191.61383056640625, "0": null, "3": 222.48118591308594, "2": 191.61383056640625, "5": 242.67274475097656, "4": 48.01068878173828, "7": null, "6": 1787.349853515625, "9": 310.23089599609375, "8": 119.24459838867188}