{"20": null, "21": null, "22": 98.28373718261719, "23": 113.5618896484375, "1": 217.06903076171875, "0": null, "3": 217.06903076171875, "2": 397.0888671875, "5": 531.0242919921875, "4": 407.1180419921875, "7": 217.06903076171875, "6": 397.0888671875, "9": 409.0968017578125, "8": 407.1180419921875, "11": 217.06903076171875, "10": 576.6942749023438, "13": 409.0968017578125, "12": 407.1180419921875, "15": 99.0981216430664, "14": 576.6942749023438, "17": 156.28823852539062, "16": 231.1779327392578, "19": null, "18": null}