{"11": 97.94062805175781, "10": 127.98406219482422, "13": null, "12": 196.76478576660156, "1": 438.18988037109375, "0": null, "3": 672.125, "2": 426.8349914550781, "5": 97.94062805175781, "4": 426.8349914550781, "7": 98.28373718261719, "6": 160.5876922607422, "9": 191.86524963378906, "8": 203.66285705566406}