{"11": 113.5618896484375, "1": 98.28373718261719, "13": 191.61383056640625, "12": 251.3665313720703, "20": null, "14": 748.1713256835938, "17": 498.5155029296875, "16": 2354.912353515625, "19": null, "18": null, "15": 99.05876922607422, "0": null, "3": 2342.281494140625, "2": 99.05876922607422, "5": 606.4724731445312, "4": 99.05876922607422, "7": 2375.970947265625, "6": 99.05876922607422, "9": null, "8": 809.8920288085938, "10": 327.06561279296875}