{"1": 409.0968017578125, "0": null, "3": 330.4376220703125, "2": 242.035400390625, "5": 111.2505874633789, "4": 156.28823852539062}