{"11": null, "10": 440.441650390625, "13": 47.80022430419922, "12": 293.90643310546875, "15": 293.90643310546875, "14": null, "17": null, "16": 154.42237854003906, "19": null, "18": 293.90643310546875, "1": null, "0": null, "3": 48.01068878173828, "2": 293.90643310546875, "5": 106.40927124023438, "4": 156.28823852539062, "7": 97.73753356933594, "6": 369.66729736328125, "9": 228.24794006347656, "8": 1766.4481201171875}