{"11": 424.53363037109375, "10": null, "12": null, "1": 161.01646423339844, "0": null, "3": 112.75567626953125, "2": 2348.590087890625, "5": 1102.9647216796875, "4": 48.01068878173828, "7": 129.93984985351562, "6": 1413.9876708984375, "9": 219.9720001220703, "8": 824.9188232421875}