{"11": 231.1779327392578, "10": 127.98406219482422, "12": 113.5618896484375, "1": 318.21673583984375, "0": null, "3": 48.01068878173828, "2": 205.39964294433594, "5": 2368.416259765625, "4": 647.5601806640625, "7": 2345.783447265625, "6": 2367.6083984375, "9": null, "8": 1389.6270751953125}