{"11": 231.1779327392578, "1": 332.0897216796875, "13": 156.28823852539062, "12": null, "20": 113.5618896484375, "14": null, "17": 238.01393127441406, "16": null, "19": 858.0737915039062, "18": 321.0225830078125, "15": 332.0897216796875, "0": null, "3": 61.066280364990234, "2": 573.6962890625, "5": 333.2718200683594, "4": 48.01068878173828, "7": 231.1779327392578, "6": 398.5359802246094, "9": 340.4682922363281, "8": null, "10": 403.8387451171875}