{"24": 95.76689147949219, "25": 196.4564208984375, "26": 156.28823852539062, "27": 444.35650634765625, "20": 254.63768005371094, "21": 201.3468780517578, "22": 359.4571838378906, "23": 671.996826171875, "28": 196.4564208984375, "29": 105.30901336669922, "1": 48.01068878173828, "0": null, "3": 884.248291015625, "2": 2332.86962890625, "5": 196.4564208984375, "4": 97.00157165527344, "7": 217.96713256835938, "6": 48.01068878173828, "9": 822.01171875, "8": 98.48783874511719, "11": null, "10": 1017.3622436523438, "13": 127.98406219482422, "12": null, "15": null, "14": 97.00157165527344, "17": 904.1539916992188, "16": 293.90643310546875, "19": 377.5911865234375, "18": 188.94398498535156}