{"11": 805.1062622070312, "10": 805.1062622070312, "13": 387.4290771484375, "12": null, "15": 156.28823852539062, "14": 48.01068878173828, "16": null, "1": 294.4163818359375, "0": null, "3": 132.94949340820312, "2": 112.82005310058594, "5": 710.3063354492188, "4": 48.01068878173828, "7": 156.28823852539062, "6": 498.5155029296875, "9": 805.1062622070312, "8": 805.1062622070312}