{"11": 231.1779327392578, "10": 127.98406219482422, "12": 113.5618896484375, "1": 318.21673583984375, "0": null, "3": 48.01068878173828, "2": 205.39964294433594, "5": 2374.08642578125, "4": 647.5601806640625, "7": 2351.51513671875, "6": 2372.653564453125, "9": null, "8": 961.6140747070312}