{"1": 217.96713256835938, "0": null, "3": null, "2": 217.96713256835938}