{"10": 220.398193359375, "1": 156.28823852539062, "0": null, "3": 680.5067749023438, "2": 263.9202880859375, "5": 680.5067749023438, "4": 680.5067749023438, "7": 48.01068878173828, "6": null, "9": 498.5155029296875, "8": 2347.772705078125}