{"1": 99.05876922607422, "0": null, "3": 99.05876922607422, "2": 1592.558349609375, "5": 498.5155029296875, "4": 1836.28466796875, "7": 498.5155029296875, "6": null, "8": null}