{"1": [[2, 0.969]], "2": [[4, 0.5], [4, 0.5]], "4": [[5, 0.031], [10, 0.9389609999999999], [7, 0.030039]], "5": [], "7": [[9, 0.625], [8, 0.375]], "8": [[9, 1.0]], "9": [], "10": [[11, 0.625], [12, 0.375]], "11": [[12, 1.0]], "12": []}