{"1": 99.05876922607422, "0": null, "3": 498.5155029296875, "2": 2352.945556640625, "4": null}