{"11": null, "10": 410.1145935058594, "13": 110.06148529052734, "12": null, "15": 202.2305145263672, "14": 97.94062805175781, "16": 113.5618896484375, "1": 118.337646484375, "0": null, "3": 99.51375579833984, "2": 97.94062805175781, "5": 99.51375579833984, "4": null, "7": null, "6": null, "9": 206.5341339111328, "8": null}