{"1": [[3, 0.5], [2, 0.5]], "2": [[5, 1.0]], "3": [[5, 0.375], [9, 0.625]], "5": [[7, 0.5], [9, 0.5]], "9": [[10, 0.5], [15, 0.0155], [13, 0.0150195], [14, 0.46948049999999997]], "10": [[15, 0.031], [13, 0.030039], [14, 0.9389609999999999]], "13": [[16, 1.0]], "14": [[9, 1.0]], "15": [[16, 1.0]], "16": []}