{"1": 231.1779327392578, "0": null, "3": 113.5618896484375, "2": 358.6704406738281}