{"1": 799.75390625, "0": null, "3": 113.5618896484375, "2": 541.398681640625}