{"11": null, "10": 386.4029235839844, "13": 111.2505874633789, "12": 110.06148529052734, "1": 386.4029235839844, "0": null, "3": null, "2": 438.7187194824219, "5": null, "4": 97.44710540771484, "7": 386.4029235839844, "6": 218.74380493164062, "9": 386.4029235839844, "8": 386.4029235839844}