{"11": 113.5618896484375, "10": 559.4379272460938, "1": 433.9151306152344, "0": null, "3": 249.52334594726562, "2": 231.1779327392578, "5": 682.0595703125, "4": 161.01646423339844, "7": 318.0454406738281, "6": 498.5155029296875, "9": 293.90643310546875, "8": null}