{"1": [[6, 1.0]], "2": [[4, 0.5], [4, 0.5]], "4": [[6, 1.0]], "6": [[8, 0.625], [9, 0.011625], [10, 0.363375]], "9": [[20, 1.0]], "10": [[12, 0.969], [19, 0.031]], "12": [[13, 0.625]], "13": [[15, 0.5], [14, 0.5]], "14": [[15, 0.5]], "15": [[16, 0.5], [17, 0.5]], "16": [[17, 1.0]], "17": [], "19": [[20, 1.0]], "20": []}