{"24": null, "25": 381.7315979003906, "20": 368.4252014160156, "21": 258.8824768066406, "22": 48.01068878173828, "23": 310.54046630859375, "1": 252.84657287597656, "0": null, "3": 254.44210815429688, "2": 315.2384033203125, "5": 192.44949340820312, "4": 102.90223693847656, "7": 192.44949340820312, "6": 252.3452606201172, "9": 192.44949340820312, "8": 578.6713256835938, "11": 96.87562561035156, "10": 356.16510009765625, "13": 192.44949340820312, "12": 204.24713134765625, "15": 192.44949340820312, "14": 252.3452606201172, "17": 192.44949340820312, "16": 578.6713256835938, "19": 191.61383056640625, "18": 1271.044677734375}