{"11": 692.67333984375, "10": 150.09678649902344, "13": 435.2791442871094, "12": 156.28823852539062, "15": 113.5618896484375, "14": 788.1741333007812, "16": 113.5618896484375, "1": 231.1779327392578, "0": null, "3": 821.4578247070312, "2": 99.02826690673828, "5": 278.6062927246094, "4": 231.1779327392578, "7": 231.1779327392578, "6": 652.7069091796875, "9": 111.2505874633789, "8": 632.443359375}