{"1": 156.28823852539062, "0": null, "3": 403.145263671875, "2": 178.25045776367188, "4": null}