{"20": 99.68372344970703, "21": 435.2791442871094, "22": null, "1": 239.12054443359375, "0": null, "3": 625.6022338867188, "2": 229.0515899658203, "5": 99.05876922607422, "4": 280.7289123535156, "7": 460.95513916015625, "6": 195.20236206054688, "9": 240.23997497558594, "8": 156.28823852539062, "11": 264.4161071777344, "10": 47.80022430419922, "13": null, "12": 335.15472412109375, "15": null, "14": 240.23997497558594, "17": null, "16": 98.38933563232422, "19": 435.2791442871094, "18": null}