{"11": 376.47857666015625, "10": 833.460205078125, "12": null, "1": 555.4935302734375, "0": null, "3": 154.1780242919922, "2": 172.3912811279297, "5": 112.75567626953125, "4": 531.5228271484375, "7": 629.9423828125, "6": 494.5820007324219, "9": null, "8": 200.34869384765625}