{"1": null, "0": null, "3": 426.8349914550781, "2": 99.51375579833984, "5": null, "4": 426.8349914550781, "6": null}