{"11": 217.96713256835938, "10": 996.3938598632812, "13": 191.61383056640625, "12": 48.01068878173828, "15": 156.28823852539062, "14": null, "17": 113.5618896484375, "16": 217.96713256835938, "1": 48.01068878173828, "0": null, "3": 48.01068878173828, "2": 184.3875732421875, "5": 48.01068878173828, "4": 350.77362060546875, "7": null, "6": 191.61383056640625, "9": 98.28373718261719, "8": 628.6822509765625}