{"1": 345.7967529296875, "0": null, "2": 100.74032592773438}