{"10": 113.5618896484375, "1": 238.01393127441406, "0": null, "3": 231.1779327392578, "2": 238.01393127441406, "5": 236.85260009765625, "4": 98.30352020263672, "7": 2374.116455078125, "6": 231.4198455810547, "9": 179.98272705078125, "8": 364.3157653808594}