{"1": 156.28823852539062, "0": null, "3": 1546.81201171875, "2": 165.36244201660156, "5": null, "4": null}