{"11": 168.92556762695312, "10": 392.67535400390625, "13": null, "12": 379.2124328613281, "15": null, "14": 219.9720001220703, "16": 393.945068359375, "1": 48.01068878173828, "0": null, "3": 373.5354919433594, "2": 182.68338012695312, "5": 127.98406219482422, "4": null, "7": 110.06148529052734, "6": 118.337646484375, "9": 168.92556762695312, "8": 48.01068878173828}