{"1": 2281.590087890625, "0": null, "2": 1218.94580078125}