{"1": 435.2791442871094, "0": null, "3": 231.4198455810547, "2": null, "5": 118.71705627441406, "4": 217.2290496826172, "7": null, "6": null, "9": 381.7315979003906, "8": 217.2290496826172}