{"1": 165.36244201660156, "0": null, "3": null, "2": 852.5509643554688}