{"1": 48.01068878173828, "0": null, "3": 660.96044921875, "2": 476.54620361328125, "5": null, "4": 219.39256286621094, "7": null, "6": 844.0408935546875}