{"1": 1249.7108154296875, "0": null, "3": null, "2": 1172.579833984375}