{"1": 613.9678955078125, "0": null, "3": 111.2505874633789, "2": 219.39256286621094}