{"1": 61.87153625488281, "0": null, "3": 256.6588134765625, "2": 156.28823852539062, "5": 225.73773193359375, "4": null, "6": null}