{"11": 219.9720001220703, "10": null, "12": null, "1": 99.05876922607422, "0": null, "3": 141.35902404785156, "2": 98.28373718261719, "5": 219.9720001220703, "4": 931.6275024414062, "7": 141.35902404785156, "6": 98.28373718261719, "9": 219.9720001220703, "8": 447.53033447265625}