{"1": 48.01068878173828, "0": null, "3": 498.5155029296875, "2": null, "5": 156.28823852539062, "4": 528.9901123046875, "7": 324.8150634765625, "6": 201.60287475585938}