{"1": 165.36244201660156, "0": null, "3": null, "2": 1450.8157958984375}