{"24": null, "20": 853.1531372070312, "21": 424.53363037109375, "22": 117.36508178710938, "23": null, "1": 156.03646850585938, "0": null, "3": null, "2": 498.6016540527344, "5": 112.75567626953125, "4": 1232.557861328125, "7": null, "6": 112.75567626953125, "9": 98.28373718261719, "8": 218.8543701171875, "11": 590.2998046875, "10": 161.01646423339844, "13": 290.32330322265625, "12": 219.9720001220703, "15": null, "14": 203.06353759765625, "17": 163.7202606201172, "16": 99.51375579833984, "19": 161.01646423339844, "18": 230.21392822265625}