{"1": 165.36244201660156, "0": null, "3": 156.28823852539062, "2": 274.2788391113281, "5": 156.28823852539062, "4": 97.00157165527344, "7": null, "6": 483.2359619140625, "9": null, "8": null}