{"11": 219.39256286621094, "10": 156.28823852539062, "13": 111.2505874633789, "12": null, "1": 48.01068878173828, "0": null, "3": 456.38714599609375, "2": 266.06695556640625, "5": 251.27255249023438, "4": 156.28823852539062, "7": 48.01068878173828, "6": null, "9": 228.3858184814453, "8": 266.06695556640625}