{"1": 206.5341339111328, "0": null, "3": 1086.3885498046875, "2": 435.2791442871094, "4": null}