{"11": 704.8187866210938, "1": 191.61383056640625, "13": 48.01068878173828, "12": null, "20": 113.5618896484375, "14": null, "17": 220.1844024658203, "16": 47.97815704345703, "19": 216.55345153808594, "18": 220.1844024658203, "15": 485.6775207519531, "0": null, "3": 191.61383056640625, "2": 191.61383056640625, "5": 48.01068878173828, "4": 191.61383056640625, "7": 191.61383056640625, "6": 156.28823852539062, "9": 449.28045654296875, "8": 231.1779327392578, "10": 217.96713256835938}