{"11": 2158.60400390625, "10": 118.337646484375, "13": null, "12": 1245.0865478515625, "1": null, "0": null, "3": 118.337646484375, "2": 48.01068878173828, "5": 48.01068878173828, "4": 110.06148529052734, "7": 352.4250793457031, "6": 157.4735565185547, "9": null, "8": null}