{"1": null, "0": null, "3": null, "2": 206.5341339111328, "5": null, "4": 99.51375579833984, "7": 113.5618896484375, "6": null}