{"11": 97.94062805175781, "10": null, "13": null, "12": null, "15": null, "14": 217.2681884765625, "17": 97.94062805175781, "16": 110.06148529052734, "19": 113.5618896484375, "18": null, "1": 118.337646484375, "0": null, "3": 99.51375579833984, "2": 97.94062805175781, "5": null, "4": 220.04241943359375, "7": 99.51375579833984, "6": null, "9": 99.51375579833984, "8": 106.80059814453125}