{"24": 453.5330505371094, "20": null, "21": 127.98406219482422, "22": null, "23": 498.5155029296875, "1": 161.01646423339844, "0": null, "3": 426.3003234863281, "2": 47.80022430419922, "5": 370.2159118652344, "4": 553.3302001953125, "7": 161.01646423339844, "6": 98.28373718261719, "9": 1142.1781005859375, "8": 886.5320434570312, "11": 495.7345275878906, "10": 2338.844482421875, "13": 560.6181030273438, "12": 238.01393127441406, "15": 48.01068878173828, "14": 621.100341796875, "17": 574.76220703125, "16": 345.09368896484375, "19": 498.5155029296875, "18": null}