{"11": 161.01646423339844, "10": 233.84837341308594, "13": 161.01646423339844, "12": 233.84837341308594, "15": 594.6630249023438, "14": 233.84837341308594, "17": null, "16": 156.28823852539062, "1": 113.5618896484375, "0": null, "3": 842.4074096679688, "2": 165.36244201660156, "5": 161.01646423339844, "4": 233.84837341308594, "7": 161.01646423339844, "6": 233.84837341308594, "9": 161.01646423339844, "8": 233.84837341308594}