{"24": 127.98406219482422, "25": 331.5987548828125, "20": 48.01068878173828, "21": 231.1779327392578, "22": 156.28823852539062, "23": 1211.031494140625, "1": 48.01068878173828, "0": null, "3": 161.1508026123047, "2": 48.01068878173828, "5": 541.1970825195312, "4": 795.9645385742188, "7": 48.01068878173828, "6": 231.1779327392578, "9": 786.866455078125, "8": 231.1779327392578, "11": 98.58634948730469, "10": 327.06561279296875, "13": 98.58634948730469, "12": 400.5433044433594, "15": 48.01068878173828, "14": 400.5433044433594, "17": 327.06561279296875, "16": 294.4163818359375, "19": 231.1779327392578, "18": 48.01068878173828}