{"1": 224.46234130859375, "0": null, "3": 98.98808288574219, "2": 99.00846862792969, "5": 344.0721130371094, "4": 429.95037841796875, "6": 392.8128356933594}