{"11": null, "10": 161.95957946777344, "1": 99.51375579833984, "0": null, "3": 217.2290496826172, "2": 277.2951354980469, "5": 277.2951354980469, "4": 156.28823852539062, "7": 156.28823852539062, "6": 217.2290496826172, "9": 282.5924377441406, "8": 160.5876922607422}