{"1": 161.01646423339844, "0": null, "3": 98.98808288574219, "2": 2231.672119140625, "5": 782.8690795898438, "4": 1504.708740234375, "6": null}