{"1": 98.98808288574219, "0": null, "3": 217.96713256835938, "2": 294.5296936035156, "5": 217.96713256835938, "4": 294.5296936035156, "7": 113.5618896484375, "6": 156.28823852539062}