{"11": 99.02826690673828, "10": 290.8483581542969, "13": 633.9500732421875, "12": 447.3915100097656, "15": 127.98406219482422, "14": null, "16": null, "1": 161.01646423339844, "0": null, "3": 99.51375579833984, "2": 377.34173583984375, "5": 154.1780242919922, "4": 97.94062805175781, "7": 223.0052032470703, "6": 154.1780242919922, "9": 290.8483581542969, "8": 48.01068878173828}