{"1": 241.8954315185547, "0": null, "3": 47.80022430419922, "2": 280.7289123535156, "5": 139.22802734375, "4": 139.22802734375}