{"11": null, "10": 424.53363037109375, "1": 124.51136016845703, "0": null, "3": 99.05876922607422, "2": 98.28373718261719, "5": 48.01068878173828, "4": 2234.4287109375, "7": 219.9720001220703, "6": 766.137939453125, "9": 219.9720001220703, "8": null}