{"1": 161.01646423339844, "0": null, "3": 48.01068878173828, "2": 2374.193115234375, "5": 219.9720001220703, "4": 2349.689697265625, "7": 219.9720001220703, "6": 2252.373046875, "8": null}