{"1": 231.1779327392578, "0": null, "3": 113.5618896484375, "2": 698.915771484375}