{"1": 48.01068878173828, "0": null, "3": 48.01068878173828, "2": 2361.822509765625, "5": 498.5155029296875, "4": 2358.474853515625, "7": 498.5155029296875, "6": null, "8": null}