{"11": 48.01068878173828, "10": null, "13": 182.68338012695312, "12": 112.78191375732422, "15": 904.77978515625, "14": null, "17": 404.4752502441406, "16": 127.98406219482422, "1": 118.337646484375, "0": null, "3": 118.337646484375, "2": 118.337646484375, "5": 98.28373718261719, "4": null, "7": 1773.0877685546875, "6": 161.01646423339844, "9": 182.68338012695312, "8": 112.78191375732422}