{"1": 191.61383056640625, "0": null, "3": null, "2": 2271.451416015625, "5": null, "4": 156.28823852539062}