{"1": 48.01068878173828, "0": null, "3": 498.5155029296875, "2": 452.9142761230469, "4": null}