{"24": 217.06903076171875, "25": 217.06903076171875, "26": 113.5618896484375, "20": 156.28823852539062, "21": null, "22": 73.22314453125, "23": 377.479248046875, "1": 660.8880004882812, "0": null, "3": 48.01068878173828, "2": 156.28823852539062, "5": 99.05876922607422, "4": 1168.225830078125, "7": 191.61383056640625, "6": 48.01068878173828, "9": 614.1729736328125, "8": 1233.3206787109375, "11": 156.28823852539062, "10": 156.28823852539062, "13": 48.01068878173828, "12": 99.05876922607422, "15": 1233.3206787109375, "14": 191.61383056640625, "17": 156.28823852539062, "16": 666.0228271484375, "19": 156.28823852539062, "18": null}