{"1": 231.1779327392578, "0": null, "3": 2363.62158203125, "2": 2365.793701171875, "5": 2372.3935546875, "4": 2363.62158203125, "7": 175.0178985595703, "6": 907.0234375}