{"10": null, "1": 111.56810760498047, "0": null, "3": 98.28373718261719, "2": 98.98808288574219, "5": 2361.496826171875, "4": 48.01068878173828, "7": null, "6": 498.5155029296875, "9": 156.28823852539062, "8": 344.0721130371094}