{"1": null, "0": null, "3": 396.5453186035156, "2": 48.01068878173828, "4": null}