{"20": 156.28823852539062, "21": 156.28823852539062, "22": null, "23": 523.6983032226562, "1": 172.8377227783203, "0": null, "3": 99.51375579833984, "2": 157.77540588378906, "5": 228.7594757080078, "4": 99.51375579833984, "7": 228.7594757080078, "6": 99.51375579833984, "9": null, "8": 228.7594757080078, "11": 228.7594757080078, "10": null, "13": 144.82489013671875, "12": null, "15": 228.7594757080078, "14": 99.51375579833984, "17": 228.7594757080078, "16": 99.51375579833984, "19": null, "18": 156.28823852539062}