{"1": 1444.5682373046875, "0": null, "3": 194.0801544189453, "2": 165.36244201660156, "5": 967.3200073242188, "4": 892.0437622070312}