{"11": 1821.4794921875, "10": 327.06561279296875, "13": 344.0721130371094, "12": 498.5155029296875, "15": 215.35308837890625, "14": 98.98808288574219, "17": 694.862060546875, "16": 331.37542724609375, "1": 98.28373718261719, "0": null, "3": 712.1641845703125, "2": 48.01068878173828, "5": 649.2477416992188, "4": 178.205078125, "7": 48.01068878173828, "6": 251.3665313720703, "9": 649.2477416992188, "8": 178.205078125}