{"1": 217.96713256835938, "0": null, "3": null, "2": 259.1819763183594, "5": 659.6163940429688, "4": 99.05876922607422, "7": 390.9975280761719, "6": 498.5155029296875}