{"1": 238.01393127441406, "0": null, "3": 231.1779327392578, "2": 231.1779327392578, "4": 156.93727111816406}