{"1": 161.01646423339844, "0": null, "3": 99.05876922607422, "2": 2365.1025390625, "5": 219.9720001220703, "4": 2348.229736328125, "7": 424.53363037109375, "6": null, "8": null}