{"24": 97.94062805175781, "25": 455.674072265625, "26": 113.5618896484375, "20": null, "21": 287.37335205078125, "22": 99.51375579833984, "23": null, "1": 152.07363891601562, "0": null, "3": 106.80059814453125, "2": 202.2305145263672, "5": 160.5876922607422, "4": 99.51375579833984, "7": 99.51375579833984, "6": null, "9": null, "8": null, "11": 48.01068878173828, "10": 110.06148529052734, "13": 99.51375579833984, "12": 97.94062805175781, "15": 112.78191375732422, "14": 112.78191375732422, "17": 334.0484619140625, "16": 483.5098571777344, "19": 97.94062805175781, "18": 97.94062805175781}