{"11": 223.0052032470703, "1": null, "13": 647.2686157226562, "12": 97.94062805175781, "20": 97.94062805175781, "14": 976.5261840820312, "17": 99.05876922607422, "16": 381.6808776855469, "19": 127.98406219482422, "18": 1974.1845703125, "15": 566.8858642578125, "0": null, "3": 48.01068878173828, "2": 308.85125732421875, "5": 223.53517150878906, "4": 110.06148529052734, "7": 127.98406219482422, "6": 592.538330078125, "9": 127.98406219482422, "8": null, "10": 552.9578247070312}