{"1": [[16, 1.0]], "2": [[3, 0.5], [4, 0.5]], "3": [[16, 1.0]], "4": [[6, 0.5], [5, 0.5]], "5": [[6, 0.375], [7, 0.625]], "6": [[7, 1.0]], "7": [[8, 0.375], [9, 0.625]], "8": [[12, 1.0]], "9": [[10, 0.5], [12, 0.5]], "10": [[12, 1.0]], "12": [[15, 0.375], [15, 0.234375], [16, 0.390625]], "15": [[16, 1.0]], "16": []}