{"1": 98.28373718261719, "0": null, "3": 209.6243133544922, "2": 48.01068878173828, "5": null, "4": 304.60113525390625, "7": 156.28823852539062, "6": 498.5155029296875, "8": 592.479736328125}