{"1": [[2, 0.625], [4, 0.363375], [15, 0.011625]], "2": [[4, 0.969], [15, 0.031]], "4": [[5, 0.5], [6, 0.5]], "5": [[6, 1.0]], "6": [[7, 0.375], [13, 0.625]], "7": [[8, 0.5], [9, 0.5]], "9": [[10, 1.0]], "10": [[11, 0.969], [12, 0.031]], "12": [], "13": [], "15": [[16, 0.625], [17, 0.375]], "16": [[18, 1.0]], "17": [[18, 1.0]], "8": [], "18": [], "11": []}