{"11": 111.2505874633789, "10": 231.1779327392578, "1": 469.30621337890625, "0": null, "3": 159.5336151123047, "2": 99.02826690673828, "5": 663.294189453125, "4": 418.1119384765625, "7": null, "6": 789.9884643554688, "9": 435.2791442871094, "8": 344.0721130371094}