{"11": null, "10": 323.9933776855469, "13": 231.1779327392578, "12": 498.5155029296875, "14": 111.2505874633789, "1": 286.8573913574219, "0": null, "3": 270.7075500488281, "2": 191.61383056640625, "5": 262.3841247558594, "4": 220.4853515625, "7": 703.7076416015625, "6": 99.05876922607422, "9": 283.7651062011719, "8": 191.61383056640625}