{"10": 113.5618896484375, "1": 48.01068878173828, "0": null, "3": null, "2": 660.0836181640625, "5": 127.98406219482422, "4": 599.6898803710938, "7": 237.65447998046875, "6": 48.01068878173828, "9": 113.5618896484375, "8": 231.1779327392578}