{"1": 48.01068878173828, "0": null, "3": 400.1412048339844, "2": 2371.194580078125, "5": 150.09678649902344, "4": 156.28823852539062, "7": null, "6": 931.2045288085938}