{"11": 2380.401123046875, "10": 191.61383056640625, "13": 2375.9541015625, "12": 2369.2041015625, "15": 113.5618896484375, "14": null, "1": 231.1779327392578, "0": null, "3": 262.1783142089844, "2": 48.01068878173828, "5": 262.1783142089844, "4": 48.01068878173828, "7": 262.1783142089844, "6": 48.01068878173828, "9": 191.61383056640625, "8": 48.01068878173828}