{"1": 161.01646423339844, "0": null, "3": 99.05876922607422, "2": 1841.1275634765625, "5": 219.9720001220703, "4": 1144.267822265625, "7": 219.9720001220703, "6": null, "8": null}