{"11": 498.5155029296875, "10": null, "12": null, "1": 141.35902404785156, "0": null, "3": 141.35902404785156, "2": 98.28373718261719, "5": 141.35902404785156, "4": 98.28373718261719, "7": 498.5155029296875, "6": 2373.03076171875, "9": 498.5155029296875, "8": null}