{"1": 347.13946533203125, "0": null, "3": 113.5618896484375, "2": 788.1741333007812}