{"1": 221.23553466796875, "0": null, "3": 290.3392639160156, "2": 239.07774353027344, "5": 224.72703552246094, "4": null, "7": 113.5618896484375, "6": 287.498779296875}