{"1": 231.1779327392578, "0": null, "2": 449.8364562988281}