{"11": null, "10": 1789.5750732421875, "1": 99.05876922607422, "0": null, "3": 399.8348693847656, "2": 236.94009399414062, "5": 156.28823852539062, "4": 399.8348693847656, "7": 498.5155029296875, "6": null, "9": null, "8": 191.61383056640625}