{"1": 224.46234130859375, "0": null, "3": 98.98808288574219, "2": 99.00846862792969, "5": 344.0721130371094, "4": 416.6610107421875, "6": 699.2720947265625}