{"1": 717.3489990234375, "0": null, "3": 231.1779327392578, "2": 48.01068878173828, "5": 741.8546142578125, "4": 48.01068878173828, "7": 111.2505874633789, "6": 504.6620178222656}