{"1": 48.01068878173828, "0": null, "3": 231.1779327392578, "2": 321.5263671875, "5": 714.0089721679688, "4": null, "7": 113.5618896484375, "6": 231.1779327392578}