{"10": null, "1": 522.6788330078125, "0": null, "3": 300.33209228515625, "2": 703.6179809570312, "5": 300.33209228515625, "4": 48.01068878173828, "7": null, "6": 300.33209228515625, "9": null, "8": 148.65284729003906}