{"1": 538.022705078125, "0": null, "3": 113.5618896484375, "2": 446.02532958984375}