{"24": 113.5618896484375, "20": 210.36764526367188, "21": 279.8454895019531, "22": 156.28823852539062, "23": 231.1779327392578, "1": 279.8454895019531, "0": null, "3": 191.61383056640625, "2": 176.49549865722656, "5": 101.90579223632812, "4": 267.6270446777344, "7": 498.891845703125, "6": 48.01068878173828, "9": 441.15081787109375, "8": 127.98406219482422, "11": null, "10": 461.1360168457031, "13": 279.8454895019531, "12": 349.2620544433594, "15": 48.01068878173828, "14": 390.8572082519531, "17": 498.5155029296875, "16": 449.104736328125, "19": 1168.366455078125, "18": 720.2178955078125}