{"1": 377.0337829589844, "0": null, "3": 358.37890625, "2": 118.71705627441406, "5": 178.25045776367188, "4": 99.51375579833984, "7": 749.4285888671875, "6": 178.25045776367188, "9": 113.5618896484375, "8": 231.1779327392578}