{"1": 365.5785827636719, "0": null, "3": 97.94062805175781, "2": null, "5": null, "4": 209.6317901611328, "6": null}