{"1": 426.8684997558594, "0": null, "3": 514.8755493164062, "2": 156.28823852539062, "5": 113.5618896484375, "4": 788.1741333007812}