{"11": 187.0685577392578, "1": 118.337646484375, "13": 187.0685577392578, "12": 187.0685577392578, "20": 113.5618896484375, "14": 110.06148529052734, "17": 313.32861328125, "16": 313.32861328125, "19": 110.06148529052734, "18": 110.06148529052734, "15": 317.3519592285156, "0": null, "3": 99.51375579833984, "2": 110.06148529052734, "5": 118.337646484375, "4": 118.337646484375, "7": 110.06148529052734, "6": 118.337646484375, "9": 187.0685577392578, "8": 160.5876922607422, "10": 187.0685577392578}