{"1": 357.86175537109375, "0": null, "3": 1028.2017822265625, "2": 1028.2017822265625, "5": 765.4286499023438, "4": 231.1779327392578, "6": 113.5618896484375}