{"20": 2094.00927734375, "21": null, "22": 156.28823852539062, "23": 135.51181030273438, "1": 219.8233184814453, "0": null, "3": 286.9801330566406, "2": 387.52618408203125, "5": 108.16654205322266, "4": null, "7": 99.51375579833984, "6": 156.28823852539062, "9": 99.51375579833984, "8": 456.3935241699219, "11": 265.1156005859375, "10": 259.0054931640625, "13": null, "12": 265.1156005859375, "15": 62.15631103515625, "14": 156.28823852539062, "17": 410.39202880859375, "16": 225.59095764160156, "19": 2362.752197265625, "18": 99.51375579833984}