{"1": 233.84837341308594, "0": null, "2": 111.2505874633789}