{"11": null, "10": 469.5749816894531, "13": 469.5749816894531, "12": 99.91080474853516, "15": null, "14": 469.5992431640625, "17": 175.0178985595703, "16": null, "1": null, "0": null, "3": 48.01068878173828, "2": 293.90643310546875, "5": 231.1779327392578, "4": 48.01068878173828, "7": 126.49698638916016, "6": 227.3777618408203, "9": 469.5749816894531, "8": 126.49698638916016}