{"1": 161.01646423339844, "0": null, "3": 161.01646423339844, "2": 98.28373718261719, "5": 498.5155029296875, "4": null, "7": 498.5155029296875, "6": null, "8": null}