{"24": 113.5618896484375, "20": 231.1779327392578, "21": null, "22": 209.96705627441406, "23": 629.685546875, "1": 507.84161376953125, "0": null, "3": 507.84161376953125, "2": 666.9699096679688, "5": 507.84161376953125, "4": 125.314697265625, "7": 48.01068878173828, "6": 98.28373718261719, "9": null, "8": 549.2974243164062, "11": 231.1779327392578, "10": 446.5566711425781, "13": 268.5744934082031, "12": 143.27789306640625, "15": 98.28373718261719, "14": 223.12242126464844, "17": 937.894287109375, "16": 745.295654296875, "19": 2082.068603515625, "18": 498.5155029296875}