{"1": [[24, 1.0]], "2": [[3, 0.375], [4, 0.625]], "3": [[24, 1.0]], "4": [[5, 0.375], [6, 0.625]], "5": [[6, 1.0]], "6": [[7, 1.0]], "7": [[8, 0.625], [10, 0.363375], [23, 0.011625]], "8": [[10, 0.969], [23, 0.031]], "10": [[12, 0.969], [11, 0.031]], "11": [[23, 1.0]], "12": [[13, 0.5], [14, 0.5]], "13": [[15, 1.0]], "14": [[15, 1.0]], "15": [[16, 1.0]], "16": [[17, 0.969], [19, 0.031]], "17": [[18, 1.0]], "19": [[20, 0.031], [22, 0.969]], "20": [[23, 1.0]], "23": [[24, 1.0]], "24": [], "18": [], "22": []}