{"1": 385.1650390625, "0": null, "3": 300.8379211425781, "2": 123.9462661743164, "5": 112.78191375732422, "4": 48.01068878173828, "7": 481.6147766113281, "6": null, "9": 2059.470703125, "8": 385.1650390625}