{"1": 99.05876922607422, "0": null, "3": 314.6264343261719, "2": 1006.486083984375, "5": 219.9720001220703, "4": null, "6": 300.016357421875}