{"1": 231.1779327392578, "0": null, "3": 488.3102722167969, "2": 48.01068878173828, "5": 399.4565734863281, "4": 48.01068878173828, "7": 175.0178985595703, "6": 477.83270263671875}