{"1": 400.2241516113281, "0": null, "3": 113.5618896484375, "2": 231.1779327392578}