{"1": 715.693603515625, "0": null, "3": 190.19859313964844, "2": 98.5042953491211, "5": 156.28823852539062, "4": 244.5255584716797, "6": 156.93727111816406}