{"24": 1026.655517578125, "25": 498.5155029296875, "26": null, "27": 498.5155029296875, "20": 231.1779327392578, "21": 99.05876922607422, "22": 98.28373718261719, "23": 99.05876922607422, "28": null, "1": 99.05876922607422, "0": null, "3": 99.05876922607422, "2": 98.28373718261719, "5": 498.5155029296875, "4": 1579.73974609375, "7": 498.5155029296875, "6": null, "9": 99.05876922607422, "8": 98.28373718261719, "11": 99.05876922607422, "10": 98.28373718261719, "13": 498.5155029296875, "12": 1026.8463134765625, "15": 498.5155029296875, "14": null, "17": 99.05876922607422, "16": 98.28373718261719, "19": 498.5155029296875, "18": 731.6604614257812}