{"1": [[5, 0.625], [4, 0.234375], [3, 0.140625]], "3": [[23, 1.0]], "4": [[5, 1.0]], "5": [[9, 0.625], [8, 0.234375], [7, 0.140625]], "7": [[23, 1.0]], "8": [[9, 1.0]], "9": [[10, 1.0]], "10": [[12, 0.5], [13, 0.5]], "13": [[17, 0.625], [16, 0.234375], [15, 0.140625]], "15": [[23, 1.0]], "16": [[17, 1.0]], "17": [[21, 0.625], [20, 0.234375], [19, 0.140625]], "19": [[23, 1.0]], "20": [[21, 1.0]], "21": [[23, 1.0]], "23": []}