{"11": 127.98406219482422, "10": 2373.611083984375, "12": null, "1": 48.01068878173828, "0": null, "3": 2359.2490234375, "2": 1054.5479736328125, "5": 127.98406219482422, "4": 2370.192138671875, "7": 48.01068878173828, "6": 199.8825225830078, "9": 2366.650634765625, "8": 2335.8623046875}