{"1": 222.48118591308594, "0": null, "3": 381.7904968261719, "2": 1722.830078125, "5": 105.30901336669922, "4": 196.4564208984375}