{"11": 493.09637451171875, "10": 399.08062744140625, "13": 411.3902893066406, "12": 47.80022430419922, "15": 47.80022430419922, "14": 757.6220092773438, "17": 757.6220092773438, "16": 757.6220092773438, "18": 113.5618896484375, "1": 477.5545654296875, "0": null, "3": 462.65478515625, "2": 736.7945556640625, "5": 533.991455078125, "4": 560.1751098632812, "7": 533.991455078125, "6": 414.9847717285156, "9": 462.65478515625, "8": 414.9847717285156}