{"1": 106.80059814453125, "0": null, "3": 372.462158203125, "2": 231.97084045410156, "5": null, "4": 372.462158203125, "6": 204.58465576171875}