{"1": 48.01068878173828, "0": null, "3": 219.9720001220703, "2": null, "4": 440.277099609375}