{"1": 435.2791442871094, "0": null, "2": 381.7315979003906}