{"11": 130.86830139160156, "10": 714.0089721679688, "1": 48.01068878173828, "0": null, "3": 48.01068878173828, "2": 1396.4166259765625, "5": 660.96044921875, "4": 442.1760559082031, "7": null, "6": 219.39256286621094, "9": 473.37774658203125, "8": 127.98406219482422}