{"24": 398.5466613769531, "25": 98.28373718261719, "26": 755.7886962890625, "27": 113.5618896484375, "20": 204.32080078125, "21": 156.28823852539062, "22": 156.28823852539062, "23": null, "1": 398.5359802246094, "0": null, "3": 98.30352020263672, "2": 156.28823852539062, "5": 204.32080078125, "4": 243.06399536132812, "7": 156.28823852539062, "6": 204.32080078125, "9": null, "8": 156.28823852539062, "11": 204.32080078125, "10": 243.06399536132812, "13": 156.28823852539062, "12": 204.32080078125, "15": null, "14": 156.28823852539062, "17": 398.5359802246094, "16": null, "19": 171.39161682128906, "18": 156.28823852539062}