{"1": 106.80059814453125, "0": null, "3": 372.462158203125, "2": 236.43946838378906, "5": null, "4": 372.462158203125, "6": 204.58465576171875}