{"1": null, "0": null, "3": 48.01068878173828, "2": 628.6822509765625, "5": null, "4": 424.5186767578125, "7": 113.5618896484375, "6": 156.28823852539062}