{"1": 405.15008544921875, "0": null, "3": null, "2": 2386.43896484375}