{"11": 231.1779327392578, "10": null, "12": 113.5618896484375, "1": null, "0": null, "3": 99.51375579833984, "2": 293.90643310546875, "5": 293.90643310546875, "4": null, "7": null, "6": 99.51375579833984, "9": null, "8": 293.90643310546875}