{"10": null, "1": 99.05876922607422, "0": null, "3": 48.01068878173828, "2": 514.3436889648438, "5": 196.44390869140625, "4": 803.9083251953125, "7": 219.9720001220703, "6": 111.56810760498047, "9": 219.9720001220703, "8": null}