{"24": null, "20": 517.9248657226562, "21": 498.5155029296875, "22": 332.35919189453125, "23": 498.5155029296875, "1": 156.28823852539062, "0": null, "3": 132.94949340820312, "2": 98.36978912353516, "5": 1531.79345703125, "4": 99.05876922607422, "7": 799.6272583007812, "6": 99.05876922607422, "9": 517.9248657226562, "8": null, "11": 332.35919189453125, "10": 498.5155029296875, "13": 156.28823852539062, "12": 498.5155029296875, "15": 99.05876922607422, "14": 362.9975280761719, "17": 99.05876922607422, "16": 1531.79345703125, "19": null, "18": 799.6272583007812}