{"1": 506.4378356933594, "0": null, "3": 217.96713256835938, "2": 217.96713256835938, "5": 98.36978912353516, "4": null, "6": 113.5618896484375}