{"1": 150.09678649902344, "0": null, "3": null, "2": 2345.811279296875}