{"11": null, "10": 2374.31201171875, "13": 113.5618896484375, "12": 498.4609680175781, "1": 262.1783142089844, "0": null, "3": 262.1783142089844, "2": 48.01068878173828, "5": 262.1783142089844, "4": 48.01068878173828, "7": 191.61383056640625, "6": 48.01068878173828, "9": 156.28823852539062, "8": 191.61383056640625}