{"20": 679.8558959960938, "21": 48.01068878173828, "22": 1207.6190185546875, "23": 97.94062805175781, "1": 112.78191375732422, "0": null, "3": 48.01068878173828, "2": null, "5": 48.01068878173828, "4": 116.89662170410156, "7": null, "6": 99.51375579833984, "9": 141.11468505859375, "8": null, "11": 48.01068878173828, "10": 192.5206298828125, "13": null, "12": 99.51375579833984, "15": 141.11468505859375, "14": null, "17": 679.8558959960938, "16": 106.80059814453125, "19": 1207.6190185546875, "18": 48.01068878173828}