{"11": 112.78191375732422, "10": 48.01068878173828, "13": 322.95086669921875, "12": 110.06148529052734, "15": 140.99224853515625, "14": 127.98406219482422, "1": null, "0": null, "3": 447.3915100097656, "2": 99.02826690673828, "5": 48.01068878173828, "4": 98.28373718261719, "7": 110.06148529052734, "6": 2305.200927734375, "9": 110.06148529052734, "8": 48.01068878173828}