{"11": 219.9720001220703, "10": 1335.8953857421875, "12": null, "1": 48.01068878173828, "0": null, "3": 566.1874389648438, "2": 1335.8953857421875, "5": 48.01068878173828, "4": null, "7": 771.169677734375, "6": 1335.8953857421875, "9": 48.01068878173828, "8": 97.94062805175781}