{"1": 480.0944519042969, "0": null, "3": 566.102294921875, "2": 158.12818908691406, "5": 113.5618896484375, "4": 612.712890625}