{"1": 263.641845703125, "0": null, "3": 752.6378784179688, "2": 284.7109069824219, "5": null, "4": 435.2791442871094, "6": 381.7315979003906}