{"24": 116.63338470458984, "20": null, "21": 498.5155029296875, "22": 832.85888671875, "23": 498.5155029296875, "1": 99.05876922607422, "0": null, "3": 141.35902404785156, "2": 98.28373718261719, "5": 141.35902404785156, "4": 98.28373718261719, "7": 498.5155029296875, "6": 203.0802764892578, "9": 498.5155029296875, "8": null, "11": 141.35902404785156, "10": 98.28373718261719, "13": 141.35902404785156, "12": 132.68310546875, "15": 141.35902404785156, "14": 564.0579833984375, "17": 498.5155029296875, "16": 1422.0869140625, "19": 498.5155029296875, "18": 889.9253540039062}