{"24": 343.0930480957031, "25": 435.2791442871094, "26": 706.61328125, "27": 285.7420959472656, "20": 1722.3717041015625, "21": 435.2791442871094, "22": 993.3834228515625, "23": 1886.470703125, "1": 172.3912811279297, "0": null, "3": 426.1674499511719, "2": 161.01646423339844, "5": 197.7545166015625, "4": 435.67718505859375, "7": 1586.9361572265625, "6": 99.05876922607422, "9": 993.3834228515625, "8": 435.2791442871094, "11": 343.0930480957031, "10": 1347.26708984375, "13": 706.61328125, "12": 435.2791442871094, "15": 156.28823852539062, "14": null, "17": 766.7933959960938, "16": 207.11209106445312, "19": 99.05876922607422, "18": null}