{"11": 498.5155029296875, "1": 99.05876922607422, "13": 99.05876922607422, "12": 231.1779327392578, "20": null, "14": 98.28373718261719, "17": 498.5155029296875, "16": 2332.8583984375, "19": 498.5155029296875, "18": null, "15": 99.05876922607422, "0": null, "3": 99.05876922607422, "2": 98.28373718261719, "5": 99.05876922607422, "4": 98.28373718261719, "7": 498.5155029296875, "6": 2354.28076171875, "9": 498.5155029296875, "8": null, "10": null}