{"11": 114.07777404785156, "10": 114.07777404785156, "13": 481.345703125, "12": 172.77610778808594, "15": null, "14": 97.94062805175781, "1": null, "0": null, "3": null, "2": 285.5082092285156, "5": 48.01068878173828, "4": 1664.3004150390625, "7": 219.9720001220703, "6": 480.60284423828125, "9": 160.49081420898438, "8": 525.0662231445312}