{"11": 472.35498046875, "10": null, "13": 421.6256408691406, "12": 99.05876922607422, "15": 191.61383056640625, "14": 191.61383056640625, "17": 515.801025390625, "16": null, "19": null, "18": 498.5155029296875, "1": 48.01068878173828, "0": null, "3": null, "2": 445.0979919433594, "5": 498.5155029296875, "4": null, "7": 183.83822631835938, "6": 47.97815704345703, "9": 99.64222717285156, "8": null}