{"24": 231.1779327392578, "25": 113.5618896484375, "20": 156.28823852539062, "21": 672.5645751953125, "22": null, "23": 127.98406219482422, "1": 48.01068878173828, "0": null, "3": 158.67185974121094, "2": 99.02826690673828, "5": 61.87153625488281, "4": 231.1779327392578, "7": 156.28823852539062, "6": 191.0604705810547, "9": 231.1779327392578, "8": 61.87153625488281, "11": 191.61383056640625, "10": 48.01068878173828, "13": 191.61383056640625, "12": 191.61383056640625, "15": 924.5635375976562, "14": 364.56158447265625, "17": 779.1236572265625, "16": 97.52190399169922, "19": 156.28823852539062, "18": null}