{"1": [[2, 0.969], [24, 0.031]], "2": [[3, 0.625], [21, 0.375]], "3": [[4, 0.031], [5, 0.969]], "4": [[25, 1.0]], "5": [[6, 0.5], [8, 0.5]], "6": [[7, 0.031], [8, 0.969]], "7": [[9, 1.0]], "8": [[9, 0.031], [10, 0.969]], "9": [[25, 1.0]], "10": [[14, 0.031], [11, 0.969]], "11": [[14, 0.031], [12, 0.969]], "12": [[14, 0.031], [13, 0.969]], "13": [[14, 0.031], [15, 0.969]], "14": [[25, 1.0]], "15": [[16, 1.0]], "16": [[17, 0.625], [19, 0.363375], [20, 0.011625]], "17": [[19, 0.969], [20, 0.031]], "20": [[23, 1.0]], "21": [[23, 1.0]], "24": [[25, 1.0]], "25": [], "19": [], "23": []}