{"11": 310.23089599609375, "10": 126.49698638916016, "13": 105.30901336669922, "12": 196.4564208984375, "1": 191.61383056640625, "0": null, "3": 168.2648468017578, "2": 222.48118591308594, "5": 48.01068878173828, "4": 242.67274475097656, "7": 1100.6712646484375, "6": 1178.77099609375, "9": null, "8": null}