{"24": 231.1779327392578, "25": 113.5618896484375, "20": 344.0721130371094, "21": 191.67539978027344, "22": 279.8454895019531, "23": 156.28823852539062, "1": 412.0198059082031, "0": null, "3": 156.28823852539062, "2": 375.8945617675781, "5": 48.01068878173828, "4": 98.28373718261719, "7": 344.0721130371094, "6": 337.4760437011719, "9": 279.8454895019531, "8": 191.67539978027344, "11": 48.01068878173828, "10": 231.1779327392578, "13": 48.01068878173828, "12": 344.0721130371094, "15": 48.01068878173828, "14": null, "17": 98.28373718261719, "16": 344.7624206542969, "19": 337.4760437011719, "18": 48.01068878173828}