{"11": null, "10": 483.2359619140625, "13": 156.28823852539062, "12": null, "15": 156.28823852539062, "14": 97.00157165527344, "17": null, "16": 483.2359619140625, "18": null, "1": null, "0": null, "3": 156.28823852539062, "2": 97.00157165527344, "5": null, "4": 483.2359619140625, "7": null, "6": null, "9": 156.28823852539062, "8": 97.00157165527344}