{"1": 784.6507568359375, "0": null, "2": 113.5618896484375}