{"1": 280.7294616699219, "0": null, "3": 728.2723999023438, "2": 48.01068878173828, "5": null, "4": 350.54193115234375}