{"11": 498.5155029296875, "10": null, "13": 498.5155029296875, "12": null, "14": 300.016357421875, "1": 99.05876922607422, "0": null, "3": 99.05876922607422, "2": 98.28373718261719, "5": 99.05876922607422, "4": 98.28373718261719, "7": 265.1156005859375, "6": 1169.2520751953125, "9": 498.5155029296875, "8": null}