{"10": 113.5618896484375, "1": 231.1779327392578, "0": null, "3": 356.434326171875, "2": null, "5": 200.24441528320312, "4": 473.18011474609375, "7": 156.28823852539062, "6": 156.28823852539062, "9": 231.1779327392578, "8": 112.71104431152344}