{"1": 225.35723876953125, "0": null, "3": 99.51375579833984, "2": 96.21680450439453, "5": 1280.46630859375, "4": 370.3677978515625, "7": 222.0382080078125, "6": 995.6688232421875, "9": 113.5618896484375, "8": 1448.53955078125}