{"1": 159.79710388183594, "0": null, "3": 592.8714599609375, "2": 462.1217041015625, "5": 113.5618896484375, "4": 217.96713256835938}