{"1": 99.05876922607422, "0": null, "3": 120.93575286865234, "2": 745.4354858398438, "5": 156.28823852539062, "4": 181.38333129882812, "7": 57.70907974243164, "6": 156.28823852539062}