{"11": 156.28823852539062, "10": 597.101806640625, "13": 175.0178985595703, "12": 272.8096618652344, "1": 99.45848083496094, "0": null, "3": null, "2": 156.28823852539062, "5": 61.87153625488281, "4": 293.90643310546875, "7": null, "6": 231.1779327392578, "9": 310.4477233886719, "8": 165.36244201660156}