{"11": 231.1779327392578, "10": 657.015625, "13": null, "12": 500.4051818847656, "15": null, "14": 1979.7720947265625, "17": null, "16": 1614.2640380859375, "19": 2229.40185546875, "18": null, "1": 845.4971923828125, "0": null, "3": 96.25650787353516, "2": 231.1779327392578, "5": 124.83853912353516, "4": 198.84173583984375, "7": 333.5415344238281, "6": 250.00228881835938, "9": 175.69784545898438, "8": 48.01068878173828}