{"1": 48.01068878173828, "0": null, "3": 498.5155029296875, "2": 1204.2574462890625, "4": null}