{"11": null, "10": null, "13": 113.5618896484375, "12": 231.1779327392578, "1": 231.1779327392578, "0": null, "3": 487.38983154296875, "2": 161.01646423339844, "5": 217.96713256835938, "4": 48.01068878173828, "7": 217.96713256835938, "6": 99.05876922607422, "9": 408.7871398925781, "8": null}