{"1": 48.01068878173828, "0": null, "3": 595.5263671875, "2": 241.27719116210938, "5": 1022.5873413085938, "4": null, "6": 113.5618896484375}