{"1": [[2, 0.625], [5, 0.363375], [6, 0.011625]], "2": [[3, 0.625], [5, 0.363375], [6, 0.011625]], "3": [[5, 0.969], [6, 0.031]], "5": [], "6": []}