{"1": null, "0": null, "3": 367.9544372558594, "2": 231.1779327392578, "5": 113.5618896484375, "4": null}