{"1": 220.03079223632812, "0": null, "3": 625.9686279296875, "2": 165.36244201660156, "5": null, "4": 97.94062805175781}