{"1": 118.337646484375, "0": null, "3": 381.6103210449219, "2": null, "5": 48.01068878173828, "4": 110.06148529052734, "7": 381.427734375, "6": null, "9": 113.5618896484375, "8": 97.94062805175781}