{"1": null, "0": null, "3": 528.9901123046875, "2": 498.5155029296875, "5": 113.5618896484375, "4": 156.28823852539062}