{"1": null, "0": null, "3": 48.01068878173828, "2": 1434.2803955078125, "5": 498.5155029296875, "4": 1590.7515869140625, "6": 156.28823852539062}