{"1": 161.01646423339844, "0": null, "3": 219.9720001220703, "2": null, "4": null}