{"20": null, "21": 498.5155029296875, "22": null, "1": 48.01068878173828, "0": null, "3": 99.05876922607422, "2": 2019.7496337890625, "5": 639.8226928710938, "4": 2211.2763671875, "7": null, "6": 196.4564208984375, "9": null, "8": 127.98406219482422, "11": 231.1779327392578, "10": 498.5155029296875, "13": 2019.7496337890625, "12": 48.01068878173828, "15": 2211.2763671875, "14": 99.05876922607422, "17": 196.4564208984375, "16": 639.8226928710938, "19": 127.98406219482422, "18": null}