{"24": 847.7741088867188, "25": 243.66656494140625, "26": 133.58352661132812, "27": null, "20": null, "21": 185.49652099609375, "22": 385.1650390625, "23": null, "28": 1436.592529296875, "1": 385.1650390625, "0": null, "3": 300.8379211425781, "2": 123.9462661743164, "5": 112.78191375732422, "4": 48.01068878173828, "7": 405.7356872558594, "6": null, "9": 158.12818908691406, "8": 48.01068878173828, "11": 272.5629577636719, "10": 97.94062805175781, "13": 123.33242797851562, "12": 48.01068878173828, "15": 912.0697021484375, "14": 521.5802001953125, "17": 159.21328735351562, "16": 116.15003204345703, "19": 804.4110717773438, "18": null}