{"11": null, "10": 498.5155029296875, "1": 368.00921630859375, "0": null, "3": 312.498046875, "2": 210.1129608154297, "5": 327.0738830566406, "4": 466.348388671875, "7": 231.1779327392578, "6": null, "9": 586.4811401367188, "8": 161.01646423339844}