{"1": [[2, 0.625], [4, 0.022125], [8, 0.352875]], "2": [[4, 0.059], [8, 0.941]], "4": [[5, 0.031], [7, 0.969]], "5": [[9, 1.0]], "8": [[9, 1.0]], "9": [], "7": []}