{"1": 48.01068878173828, "0": null, "3": 2369.147705078125, "2": 121.40953063964844, "5": 1728.0335693359375, "4": 124.51136016845703, "7": null, "6": 129.36769104003906}