{"10": 99.8324966430664, "1": 99.05876922607422, "0": null, "3": 498.5155029296875, "2": 205.72398376464844, "5": 124.51136016845703, "4": 156.28823852539062, "7": 191.61383056640625, "6": 1249.75634765625, "9": 156.28823852539062, "8": 366.1853942871094}