{"10": 300.016357421875, "1": 99.05876922607422, "0": null, "3": 99.05876922607422, "2": 98.28373718261719, "5": 265.1156005859375, "4": 1161.6890869140625, "7": 498.5155029296875, "6": null, "9": 498.5155029296875, "8": null}