{"11": null, "10": 219.39256286621094, "13": 304.7680969238281, "12": 127.98406219482422, "15": 156.28823852539062, "14": 344.0721130371094, "16": null, "1": null, "0": null, "3": 313.33837890625, "2": 165.36244201660156, "5": 2364.063232421875, "4": 48.01068878173828, "7": 219.39256286621094, "6": 784.1519165039062, "9": 660.96044921875, "8": null}