{"1": 156.28823852539062, "0": null, "3": 367.7711486816406, "2": 304.60205078125, "4": null}