{"11": 344.0721130371094, "10": 340.4682922363281, "13": null, "12": 99.45848083496094, "1": 1775.401123046875, "0": null, "3": 98.98808288574219, "2": 2370.900390625, "5": 99.45848083496094, "4": 1416.223876953125, "7": 2379.950439453125, "6": 2376.08935546875, "9": 2360.564697265625, "8": 98.98808288574219}