{"11": 219.9720001220703, "10": 458.32476806640625, "13": null, "12": 397.2039794921875, "1": 1574.4910888671875, "0": null, "3": 679.7821655273438, "2": 154.12796020507812, "5": 1731.6590576171875, "4": 219.9720001220703, "7": null, "6": 118.337646484375, "9": 161.01646423339844, "8": 230.87388610839844}