{"1": 862.0853881835938, "0": null, "3": 320.8287353515625, "2": 351.3865051269531, "5": null, "4": null, "7": 113.5618896484375, "6": 98.28373718261719}