{"11": 1936.771728515625, "10": 156.28823852539062, "13": 156.28823852539062, "12": 217.96713256835938, "15": 113.5618896484375, "14": null, "1": 396.1421813964844, "0": null, "3": 161.01646423339844, "2": 231.1779327392578, "5": 308.27587890625, "4": 98.30352020263672, "7": 1770.3162841796875, "6": 161.01646423339844, "9": 231.1779327392578, "8": 426.7564697265625}