{"1": 159.5336151123047, "0": null, "3": 206.5341339111328, "2": 156.28823852539062, "5": 2366.030029296875, "4": 156.28823852539062, "7": 156.28823852539062, "6": 414.8565673828125, "8": 156.93727111816406}