{"11": 498.5155029296875, "10": null, "12": null, "1": 99.05876922607422, "0": null, "3": 99.05876922607422, "2": 98.28373718261719, "5": 141.35902404785156, "4": 199.41964721679688, "7": 498.5155029296875, "6": 2339.63330078125, "9": 498.5155029296875, "8": 2043.6588134765625}