{"24": 97.94062805175781, "25": null, "26": null, "20": 97.94062805175781, "21": 99.51375579833984, "22": 604.8848876953125, "23": 111.45663452148438, "1": 2306.9228515625, "0": null, "3": 307.7012939453125, "2": 154.1780242919922, "5": 118.337646484375, "4": 99.51375579833984, "7": 688.5557861328125, "6": null, "9": 2370.187255859375, "8": 161.01646423339844, "11": 1719.1781005859375, "10": 154.1780242919922, "13": 542.478759765625, "12": 154.1780242919922, "15": null, "14": null, "17": 514.483154296875, "16": 165.36244201660156, "19": 127.98406219482422, "18": null}