{"11": 156.28823852539062, "10": 435.2791442871094, "13": 99.05876922607422, "12": 98.28373718261719, "15": 217.96713256835938, "14": 215.35308837890625, "17": 127.98406219482422, "16": 1822.9107666015625, "19": null, "18": 885.9017333984375, "1": 201.60287475585938, "0": null, "3": 161.01646423339844, "2": 1960.33349609375, "5": 2364.27099609375, "4": 156.28823852539062, "7": 48.01068878173828, "6": 191.61383056640625, "9": 48.01068878173828, "8": 435.2791442871094}