{"1": 161.01646423339844, "0": null, "3": 498.5155029296875, "2": 547.5433349609375, "5": 959.370849609375, "4": 365.1617736816406, "7": 2353.9345703125, "6": 1900.953857421875, "9": null, "8": 2366.6513671875}