{"1": 124.51136016845703, "0": null, "3": 99.05876922607422, "2": 2367.393798828125, "5": 219.9720001220703, "4": 2371.0390625, "7": null, "6": 97.94062805175781}