{"11": 98.28373718261719, "10": 231.1779327392578, "13": 192.7765350341797, "12": 154.12796020507812, "15": null, "14": 231.1779327392578, "17": 608.0374755859375, "16": 498.5155029296875, "18": 113.5618896484375, "1": 243.6998748779297, "0": null, "3": null, "2": 320.8287353515625, "5": 541.3483276367188, "4": 231.1779327392578, "7": 320.8287353515625, "6": 243.6998748779297, "9": 191.61383056640625, "8": null}