{"24": 2031.8319091796875, "25": 238.01393127441406, "26": 666.0374145507812, "27": 156.28823852539062, "20": null, "21": 161.01646423339844, "22": 1511.9371337890625, "23": 320.7132263183594, "28": 375.6831359863281, "29": 113.5618896484375, "1": 200.27369689941406, "0": null, "3": 356.6232604980469, "2": 205.810546875, "5": 161.01646423339844, "4": 628.6822509765625, "7": 628.6822509765625, "6": 381.7315979003906, "9": 284.2857666015625, "8": 161.01646423339844, "11": 347.3396301269531, "10": null, "13": 99.51375579833984, "12": 161.01646423339844, "15": null, "14": 223.52435302734375, "17": 161.01646423339844, "16": 194.94898986816406, "19": 1148.958251953125, "18": null}