{"11": 792.40234375, "10": 156.28823852539062, "13": 113.5618896484375, "12": 517.8297729492188, "1": 482.79107666015625, "0": null, "3": 156.28823852539062, "2": 326.0854187011719, "5": 1161.0736083984375, "4": 1161.0736083984375, "7": 307.9557189941406, "6": 326.0854187011719, "9": 1161.0736083984375, "8": 438.7187194824219}