{"11": 231.1779327392578, "10": 197.75643920898438, "13": 227.3741455078125, "12": 464.7308349609375, "15": 113.5618896484375, "14": 618.4364013671875, "1": 47.80022430419922, "0": null, "3": 231.1779327392578, "2": 189.88934326171875, "5": 227.3741455078125, "4": 756.1122436523438, "7": 282.5469665527344, "6": 1024.9046630859375, "9": 899.4378051757812, "8": 238.01393127441406}