{"1": 156.28823852539062, "0": null, "3": 170.7498779296875, "2": 231.1779327392578, "5": 498.5155029296875, "4": 300.016357421875, "6": null}