{"1": 99.51375579833984, "0": null, "3": 126.29124450683594, "2": 393.1468505859375, "5": null, "4": 126.29124450683594, "6": 100.74032592773438}