{"11": 127.98406219482422, "10": 2374.57763671875, "12": null, "1": 48.01068878173828, "0": null, "3": 2360.027587890625, "2": 1054.5479736328125, "5": 127.98406219482422, "4": 2371.05810546875, "7": 48.01068878173828, "6": 199.8825225830078, "9": 2368.576904296875, "8": 2335.8623046875}