{"11": 228.7594757080078, "10": 228.7594757080078, "13": 228.7594757080078, "12": 228.7594757080078, "15": 111.2505874633789, "14": 231.1779327392578, "1": 164.402587890625, "0": null, "3": 354.96783447265625, "2": 318.21673583984375, "5": 354.96783447265625, "4": 310.00372314453125, "7": 427.3682556152344, "6": null, "9": 228.7594757080078, "8": 228.7594757080078}