{"1": 158.88531494140625, "0": null, "3": 97.94062805175781, "2": 261.24835205078125, "5": 99.51375579833984, "4": 106.80059814453125, "7": 261.24835205078125, "6": 106.80059814453125, "8": 220.398193359375}