{"11": 113.5618896484375, "10": null, "1": 48.01068878173828, "0": null, "3": 110.06148529052734, "2": null, "5": 628.905517578125, "4": 427.4686279296875, "7": 110.06148529052734, "6": null, "9": 729.6771850585938, "8": 427.4686279296875}