{"11": 199.19044494628906, "10": 110.06148529052734, "13": 497.5372619628906, "12": 662.9750366210938, "15": 219.9720001220703, "14": null, "17": 113.5618896484375, "16": 2093.041015625, "1": 99.51375579833984, "0": null, "3": 110.06148529052734, "2": 398.5359802246094, "5": 97.94062805175781, "4": 97.94062805175781, "7": 161.01646423339844, "6": 2272.500732421875, "9": 170.06614685058594, "8": 389.83428955078125}