{"24": 220.4853515625, "25": 156.28823852539062, "26": null, "27": 501.38134765625, "20": 47.80022430419922, "21": 135.51181030273438, "22": 156.28823852539062, "23": null, "28": 113.5618896484375, "1": 250.58294677734375, "0": null, "3": 127.36688995361328, "2": 194.0852508544922, "5": 48.01068878173828, "4": 164.9205322265625, "7": 220.4853515625, "6": 1154.3077392578125, "9": null, "8": 156.28823852539062, "11": 398.5359802246094, "10": 541.03173828125, "13": 220.4853515625, "12": 240.18594360351562, "15": null, "14": 156.28823852539062, "17": 434.84912109375, "16": null, "19": 48.01068878173828, "18": 156.28823852539062}