{"1": [[28, 1.0]], "2": [[3, 1.0]], "3": [[4, 0.969], [19, 0.031]], "4": [[5, 0.031], [11, 0.969]], "5": [[6, 0.5], [10, 0.5]], "6": [[7, 0.625], [8, 0.375]], "7": [[10, 1.0]], "8": [[10, 1.0]], "10": [[28, 1.0]], "11": [[12, 0.031], [17, 0.030039], [18, 0.9389609999999999]], "12": [[13, 0.625], [14, 0.375]], "13": [[28, 1.0]], "14": [[28, 1.0]], "17": [[28, 1.0]], "18": [[3, 1.0]], "19": [[20, 0.375], [27, 0.625]], "20": [[21, 0.625], [22, 0.375]], "21": [[24, 0.625], [25, 0.375]], "22": [[24, 0.625], [25, 0.375]], "24": [[28, 1.0]], "25": [[28, 1.0]], "27": [[28, 1.0]], "28": []}