{"11": null, "10": 622.3377075195312, "13": 156.28823852539062, "12": 1451.06982421875, "15": 498.5155029296875, "14": 1215.8812255859375, "16": 686.7724609375, "1": 99.05876922607422, "0": null, "3": 48.01068878173828, "2": 632.880126953125, "5": 819.96875, "4": 760.1087036132812, "7": 206.38316345214844, "6": null, "9": 104.74764251708984, "8": null}