{"11": 113.5618896484375, "10": 231.1779327392578, "1": 48.01068878173828, "0": null, "3": 583.6426391601562, "2": 369.2027587890625, "5": 347.1589660644531, "4": 158.12818908691406, "7": 411.3902893066406, "6": 1224.7193603515625, "9": 156.28823852539062, "8": 231.1779327392578}