{"11": 219.9720001220703, "10": 425.7593688964844, "13": 99.51375579833984, "12": 1556.84375, "15": 261.24835205078125, "14": 1003.7227172851562, "17": 113.5618896484375, "16": 110.06148529052734, "1": 99.51375579833984, "0": null, "3": 110.06148529052734, "2": 120.06876373291016, "5": 97.94062805175781, "4": 97.94062805175781, "7": 161.01646423339844, "6": 98.28373718261719, "9": 110.06148529052734, "8": 2328.5517578125}