{"24": 111.56810760498047, "25": 424.53363037109375, "26": 112.75567626953125, "27": 113.5618896484375, "20": 835.743408203125, "21": 110.06148529052734, "22": null, "23": 219.9720001220703, "1": 118.337646484375, "0": null, "3": 99.51375579833984, "2": 110.06148529052734, "5": 423.7449951171875, "4": null, "7": 113.9662857055664, "6": 161.01646423339844, "9": 97.95117950439453, "8": 110.06148529052734, "11": 116.9022216796875, "10": 116.9022216796875, "13": 116.9022216796875, "12": 116.9022216796875, "15": 110.06148529052734, "14": 116.9022216796875, "17": 110.06148529052734, "16": 504.046142578125, "19": 48.01068878173828, "18": 98.28373718261719}