{"24": 231.1779327392578, "25": 113.5618896484375, "20": null, "21": 370.3677978515625, "22": 118.71705627441406, "23": 435.2791442871094, "1": 340.28753662109375, "0": null, "3": 282.3057556152344, "2": 370.3677978515625, "5": 377.7400817871094, "4": 156.28823852539062, "7": 245.72799682617188, "6": 247.26333618164062, "9": 436.2130432128906, "8": 370.3677978515625, "11": 231.1779327392578, "10": 435.2791442871094, "13": null, "12": null, "15": 118.71705627441406, "14": 233.55091857910156, "17": 48.01068878173828, "16": 156.28823852539062, "19": null, "18": null}