{"1": 308.1443176269531, "0": null, "2": 111.2505874633789}