{"1": 217.96713256835938, "0": null, "3": 113.5618896484375, "2": 231.1779327392578}