{"1": 224.46234130859375, "0": null, "3": 98.98808288574219, "2": 99.00846862792969, "5": 344.0721130371094, "4": 406.674072265625, "6": 624.989990234375}