{"10": 113.5618896484375, "1": 487.38983154296875, "0": null, "3": 487.38983154296875, "2": 161.01646423339844, "5": 487.38983154296875, "4": 161.01646423339844, "7": 280.89739990234375, "6": 98.30352020263672, "9": 231.1779327392578, "8": 462.1217041015625}