{"1": 786.2282104492188, "0": null, "3": 100.74032592773438, "2": null, "4": null}