{"11": null, "1": 114.59383392333984, "13": 112.78191375732422, "12": 118.337646484375, "20": 111.2505874633789, "14": 112.78191375732422, "17": 97.94062805175781, "16": 334.0484619140625, "19": 280.8485412597656, "18": null, "15": 483.5098571777344, "0": null, "3": null, "2": 99.51375579833984, "5": null, "4": 97.94062805175781, "7": null, "6": 99.51375579833984, "9": 110.06148529052734, "8": null, "10": 48.01068878173828}