{"11": 191.60003662109375, "10": 704.9639282226562, "13": 1244.871337890625, "12": 313.8280334472656, "15": null, "14": 97.94062805175781, "17": 97.94062805175781, "16": 251.82986450195312, "19": null, "18": 97.94062805175781, "1": 106.40927124023438, "0": null, "3": 251.82986450195312, "2": 406.6838073730469, "5": 118.69754791259766, "4": 99.05876922607422, "7": 32.02047348022461, "6": 574.5140991210938, "9": 106.40927124023438, "8": 246.01588439941406}