{"24": 1790.190673828125, "20": 231.1779327392578, "21": 48.01068878173828, "22": 1554.6279296875, "23": 498.5155029296875, "1": 48.01068878173828, "0": null, "3": 498.5155029296875, "2": 349.5460205078125, "5": 48.01068878173828, "4": 98.28373718261719, "7": 498.5155029296875, "6": 723.415283203125, "9": 48.01068878173828, "8": 1935.7994384765625, "11": 498.5155029296875, "10": 1784.0491943359375, "13": 48.01068878173828, "12": 98.28373718261719, "15": 498.5155029296875, "14": 2169.73876953125, "17": 48.01068878173828, "16": 98.28373718261719, "19": 498.5155029296875, "18": 2019.209228515625}