{"24": null, "25": 48.01068878173828, "26": null, "27": 231.1779327392578, "20": null, "21": 99.51375579833984, "22": null, "23": 99.51375579833984, "28": 2295.986328125, "29": 113.5618896484375, "1": 231.1779327392578, "0": null, "3": 191.61383056640625, "2": 191.61383056640625, "5": 191.61383056640625, "4": 191.61383056640625, "7": 98.28373718261719, "6": 191.61383056640625, "9": 231.1779327392578, "8": 48.01068878173828, "11": 204.32080078125, "10": 99.51375579833984, "13": 204.32080078125, "12": 99.51375579833984, "15": 231.1779327392578, "14": null, "17": 238.01393127441406, "16": null, "19": 99.51375579833984, "18": 238.01393127441406}