{"11": null, "10": 424.53363037109375, "1": null, "0": null, "3": 99.51375579833984, "2": 160.5876922607422, "5": 326.6112365722656, "4": null, "7": 267.6127624511719, "6": 154.1780242919922, "9": null, "8": 161.01646423339844}