{"1": 262.1783142089844, "0": null, "2": 462.1744689941406}