{"1": 160.5876922607422, "0": null, "3": 126.29124450683594, "2": 398.22833251953125, "5": 126.29124450683594, "4": 204.58465576171875, "7": null, "6": null}