{"1": 593.7479248046875, "0": null, "3": 113.5618896484375, "2": 231.1779327392578}