{"1": 224.46234130859375, "0": null, "3": 98.98808288574219, "2": 99.00846862792969, "5": 344.0721130371094, "4": 358.964599609375, "6": 591.5296020507812}