{"1": 400.51446533203125, "0": null, "3": 99.05876922607422, "2": 98.28373718261719, "5": 772.6533813476562, "4": 47.80022430419922, "7": 498.5155029296875, "6": 375.0426940917969, "8": 156.28823852539062}