{"24": 129.587890625, "25": 397.48974609375, "26": 113.5618896484375, "20": 61.066280364990234, "21": 288.2101135253906, "22": 217.96713256835938, "23": null, "1": 507.84161376953125, "0": null, "3": 270.88909912109375, "2": 791.484130859375, "5": null, "4": 268.5744934082031, "7": 143.86892700195312, "6": 99.05876922607422, "9": 217.96713256835938, "8": 113.68832397460938, "11": 99.05876922607422, "10": null, "13": 238.01393127441406, "12": 514.9954223632812, "15": 143.86892700195312, "14": 156.28823852539062, "17": null, "16": null, "19": 129.587890625, "18": null}