{"1": 156.28823852539062, "0": null, "3": 220.398193359375, "2": 293.90643310546875, "5": 99.05876922607422, "4": 896.8465576171875, "6": 113.5618896484375}