{"1": 265.1156005859375, "0": null, "2": 30.007652282714844}