{"11": 854.8502807617188, "10": 219.39256286621094, "13": 1017.289306640625, "12": null, "15": null, "14": null, "16": 1080.131103515625, "1": 845.4971923828125, "0": null, "3": 96.25650787353516, "2": 231.1779327392578, "5": 124.83853912353516, "4": 98.28373718261719, "7": 241.9290313720703, "6": 250.00228881835938, "9": 175.69784545898438, "8": 48.01068878173828}