{"1": 123.92356872558594, "0": null, "3": 344.0721130371094, "2": 826.1799926757812, "4": null}