{"1": 211.86793518066406, "0": null, "3": 231.1779327392578, "2": 2355.768798828125, "5": 48.01068878173828, "4": null, "7": 496.5358581542969, "6": 728.4370727539062}