{"1": 266.8566589355469, "0": null, "2": 111.2505874633789}