{"10": null, "1": 161.01646423339844, "0": null, "3": 97.94062805175781, "2": 524.4527587890625, "5": 112.78191375732422, "4": 187.88853454589844, "7": null, "6": 182.68338012695312, "9": 127.98406219482422, "8": null}