{"10": null, "1": 98.28373718261719, "0": null, "3": 603.1627807617188, "2": 154.12796020507812, "5": 2370.743408203125, "4": null, "7": null, "6": 393.0721435546875, "9": 156.28823852539062, "8": 498.5155029296875}