{"11": null, "10": 217.96713256835938, "13": null, "12": 408.7871398925781, "15": 231.1779327392578, "14": null, "16": 113.5618896484375, "1": 231.1779327392578, "0": null, "3": 487.38983154296875, "2": 161.01646423339844, "5": 1792.94482421875, "4": 174.66119384765625, "7": 546.8468017578125, "6": 262.1783142089844, "9": 99.05876922607422, "8": 217.96713256835938}