{"1": null, "0": null, "3": 99.51375579833984, "2": 126.29124450683594, "5": 126.29124450683594, "4": 126.29124450683594, "7": null, "6": null, "9": 111.2505874633789, "8": 1045.5802001953125}