{"10": 113.5618896484375, "1": null, "0": null, "3": null, "2": 941.5753173828125, "5": 156.28823852539062, "4": 1283.422607421875, "7": 1870.1849365234375, "6": 460.8438720703125, "9": 113.5618896484375, "8": 1519.273681640625}