{"1": 231.1779327392578, "0": null, "3": 487.38983154296875, "2": 161.01646423339844, "5": 215.35308837890625, "4": 496.7344055175781, "7": 810.6804809570312, "6": 217.96713256835938, "8": 113.5618896484375}