{"11": null, "10": 156.28823852539062, "13": 61.87153625488281, "12": 293.90643310546875, "15": 156.28823852539062, "14": 61.87153625488281, "17": 293.90643310546875, "16": null, "18": 814.8968505859375, "1": 257.7303771972656, "0": null, "3": 304.60113525390625, "2": 300.2673645019531, "5": 61.87153625488281, "4": null, "7": 374.5589904785156, "6": 918.809326171875, "9": 61.87153625488281, "8": 61.87153625488281}