{"1": null, "0": null, "3": 311.6586608886719, "2": 293.90643310546875, "5": 523.1082153320312, "4": 154.12796020507812, "7": 113.5618896484375, "6": 714.0089721679688}