{"1": 118.337646484375, "0": null, "3": 273.0318908691406, "2": null}