{"11": 231.1779327392578, "10": 231.1779327392578, "12": 113.5618896484375, "1": 768.8994750976562, "0": null, "3": 156.28823852539062, "2": 48.01068878173828, "5": null, "4": 768.1054077148438, "7": 156.28823852539062, "6": 48.01068878173828, "9": null, "8": 768.1054077148438}