{"11": 498.5155029296875, "10": null, "12": null, "1": 99.05876922607422, "0": null, "3": 99.05876922607422, "2": 98.28373718261719, "5": 99.05876922607422, "4": 901.0294799804688, "7": 498.5155029296875, "6": 1484.571533203125, "9": 498.5155029296875, "8": null}