{"24": null, "20": 48.01068878173828, "21": 158.43284606933594, "22": 127.98406219482422, "23": 100.74032592773438, "1": 106.80059814453125, "0": null, "3": 328.96771240234375, "2": 48.01068878173828, "5": 126.29124450683594, "4": 99.51375579833984, "7": 307.72943115234375, "6": 126.29124450683594, "9": 48.01068878173828, "8": null, "11": 99.51375579833984, "10": null, "13": null, "12": 677.9190063476562, "15": 426.8349914550781, "14": 296.9339294433594, "17": null, "16": 106.80059814453125, "19": 110.06148529052734, "18": 99.51375579833984}