{"1": 451.9455261230469, "0": null, "3": null, "2": 481.78204345703125}