{"1": 165.36244201660156, "0": null, "3": 48.01068878173828, "2": 113.5618896484375, "5": 498.5155029296875, "4": 1880.132568359375, "7": null, "6": 1595.974365234375}