{"1": null, "0": null, "3": null, "2": null, "5": 460.5089111328125, "4": 206.5341339111328, "6": null}