{"11": 48.01068878173828, "10": 284.38232421875, "13": 219.9720001220703, "12": 555.3869018554688, "15": 99.05876922607422, "14": 98.28373718261719, "17": 219.9720001220703, "16": 557.2676391601562, "19": null, "18": 100.74032592773438, "1": 723.9554443359375, "0": null, "3": 48.01068878173828, "2": 285.4319152832031, "5": 99.51375579833984, "4": null, "7": 48.01068878173828, "6": 368.1615905761719, "9": 219.9720001220703, "8": 307.8830871582031}