{"1": null, "0": null, "3": 124.51136016845703, "2": 2379.953857421875, "5": null, "4": 2383.41357421875}