{"1": 587.5514526367188, "0": null, "3": 698.915771484375, "2": 231.1779327392578, "4": 113.5618896484375}