{"1": 238.01393127441406, "0": null, "3": 1150.1593017578125, "2": 231.1779327392578, "5": 154.8218994140625, "4": 498.4609680175781, "6": 113.5618896484375}