{"20": 97.94062805175781, "21": 112.78191375732422, "22": 314.6264343261719, "23": null, "1": 185.25694274902344, "0": null, "3": 112.71104431152344, "2": null, "5": 48.01068878173828, "4": 483.7373046875, "7": 48.01068878173828, "6": 314.6264343261719, "9": 314.6264343261719, "8": 48.01068878173828, "11": 48.01068878173828, "10": 97.94062805175781, "13": 1161.0736083984375, "12": 314.6264343261719, "15": 183.7791748046875, "14": 116.85486602783203, "17": null, "16": null, "19": 113.5618896484375, "18": null}