{"1": 174.65733337402344, "0": null, "3": 112.78191375732422, "2": 48.01068878173828, "5": null, "4": 296.0945739746094, "7": null, "6": null}