{"1": 165.36244201660156, "0": null, "3": 165.36244201660156, "2": 113.5618896484375, "5": 826.6676025390625, "4": 876.1845703125, "6": null}