{"1": 98.98808288574219, "0": null, "3": 98.98808288574219, "2": 394.0885009765625, "5": 219.39256286621094, "4": null, "7": 295.3390197753906, "6": null, "9": null, "8": 625.7091064453125}