{"1": [[2, 0.799]], "2": [[3, 1.0]], "3": [[8, 0.251], [5, 0.253162], [7, 0.495838]], "5": [[7, 1.0]], "8": [], "7": []}