{"1": 48.01068878173828, "0": null, "3": 424.53363037109375, "2": 2358.085693359375, "4": null}