{"1": 99.05876922607422, "0": null, "3": 498.5155029296875, "2": 1029.71240234375, "4": null}