{"1": 156.28823852539062, "0": null, "3": 786.5079956054688, "2": 293.90643310546875}