{"1": 195.4472198486328, "0": null, "3": 195.4472198486328, "2": 195.4472198486328, "5": 98.28373718261719, "4": null, "7": 480.60284423828125, "6": 48.01068878173828, "9": null, "8": 219.9720001220703}