{"1": 231.21383666992188, "0": null, "3": 312.97955322265625, "2": 99.76272583007812, "5": 231.1779327392578, "4": 105.9105453491211, "7": 701.4622192382812, "6": 896.3683471679688, "9": 2352.718994140625, "8": 312.97955322265625}