{"11": 48.01068878173828, "10": 199.8825225830078, "13": 2060.93505859375, "12": 1917.6771240234375, "15": 127.98406219482422, "14": 2370.80859375, "16": null, "1": 48.01068878173828, "0": null, "3": 112.78191375732422, "2": 48.01068878173828, "5": 97.94062805175781, "4": 112.78191375732422, "7": 1533.7459716796875, "6": 548.0755004882812, "9": 860.994140625, "8": 2370.154541015625}