{"11": 219.9720001220703, "10": 98.58634948730469, "13": 495.3650817871094, "12": null, "14": null, "1": 126.29124450683594, "0": null, "3": 99.51375579833984, "2": 99.51375579833984, "5": 126.29124450683594, "4": 126.29124450683594, "7": null, "6": null, "9": 738.9179077148438, "8": null}