{"1": 112.59716796875, "0": null, "3": 492.9961853027344, "2": 158.12818908691406, "5": 219.39256286621094, "4": null, "7": null, "6": 256.81982421875}