{"1": 225.43740844726562, "0": null, "3": 225.43740844726562, "2": 32.02047348022461, "4": 116.22831726074219}