{"1": 99.05876922607422, "0": null, "3": 263.2813720703125, "2": 158.12818908691406, "5": 424.53363037109375, "4": null, "6": 111.2505874633789}