{"1": 110.06148529052734, "0": null, "3": 161.01646423339844, "2": 98.28373718261719, "5": 127.98406219482422, "4": 191.86524963378906, "7": 113.5618896484375, "6": 424.145263671875}