{"11": 498.5155029296875, "10": null, "12": null, "1": 99.05876922607422, "0": null, "3": 498.5155029296875, "2": 748.4794921875, "5": 99.05876922607422, "4": 231.1779327392578, "7": 99.05876922607422, "6": 98.28373718261719, "9": 498.5155029296875, "8": 2380.607666015625}