{"1": 451.5653076171875, "0": null, "3": 231.1779327392578, "2": 435.32318115234375, "5": 113.5618896484375, "4": 231.1779327392578}