{"10": 326.6047668457031, "1": 319.6783752441406, "0": null, "3": 319.6783752441406, "2": 2371.41015625, "5": 319.6783752441406, "4": 1441.974365234375, "7": 48.01068878173828, "6": 98.28373718261719, "9": 498.5155029296875, "8": 659.5650634765625}