{"11": 498.5155029296875, "10": 1230.1888427734375, "13": 498.5155029296875, "12": null, "15": 498.5155029296875, "14": null, "16": null, "1": 99.05876922607422, "0": null, "3": 99.05876922607422, "2": 132.68310546875, "5": 498.5155029296875, "4": 2122.04345703125, "7": 99.05876922607422, "6": 132.68310546875, "9": 99.05876922607422, "8": 132.68310546875}