{"1": 156.28823852539062, "0": null, "3": null, "2": 1227.9835205078125}