{"1": [[3, 0.5], [2, 0.5]], "2": [[7, 1.0]], "3": [[7, 0.625], [4, 0.375]], "4": [[6, 0.5], [14, 0.5]], "7": [[8, 0.5], [9, 0.5]], "8": [[14, 1.0]], "9": [[11, 0.5], [11, 0.5]], "11": [[14, 1.0]], "14": [[16, 0.030039], [17, 0.9389609999999999], [19, 0.031]], "16": [[19, 1.0]], "17": [[14, 1.0]], "19": []}