{"11": 532.037109375, "10": 864.4337768554688, "12": 113.5618896484375, "1": 616.6766967773438, "0": null, "3": 778.923583984375, "2": 365.05560302734375, "5": 616.6766967773438, "4": 96.60108184814453, "7": 616.6766967773438, "6": 96.60108184814453, "9": 411.3902893066406, "8": 99.51375579833984}