{"11": 422.0105285644531, "10": 48.01068878173828, "13": 425.81097412109375, "12": 418.2672424316406, "15": 100.74032592773438, "14": 219.9720001220703, "16": 113.5618896484375, "1": null, "0": null, "3": 48.01068878173828, "2": 198.84173583984375, "5": 110.06148529052734, "4": 186.81668090820312, "7": 127.98406219482422, "6": null, "9": 636.6512451171875, "8": 118.337646484375}