{"11": 110.06148529052734, "10": 154.1780242919922, "13": 864.3851318359375, "12": null, "14": null, "1": null, "0": null, "3": 426.8349914550781, "2": 99.51375579833984, "5": null, "4": 426.8349914550781, "7": 99.51375579833984, "6": null, "9": 160.5876922607422, "8": 430.3678894042969}