{"1": 1580.5872802734375, "0": null, "3": 116.89662170410156, "2": 265.1447448730469}