{"11": 105.30901336669922, "10": 1289.11572265625, "1": 144.35475158691406, "0": null, "3": 242.67274475097656, "2": 922.9481811523438, "5": 1615.8587646484375, "4": 1229.214599609375, "7": 156.28823852539062, "6": 196.4564208984375, "9": 327.06561279296875, "8": 786.2726440429688}