{"1": null, "0": null, "3": null, "2": 293.90643310546875, "5": 544.230712890625, "4": 164.9205322265625, "7": 711.1023559570312, "6": 231.1779327392578, "9": 113.5618896484375, "8": 231.1779327392578}