{"11": 156.28823852539062, "10": 668.6964721679688, "13": null, "12": 826.6676025390625, "1": 165.36244201660156, "0": null, "3": 48.01068878173828, "2": 113.5618896484375, "5": 359.4571838378906, "4": 2361.889404296875, "7": 721.151611328125, "6": 48.01068878173828, "9": 668.6964721679688, "8": 668.6964721679688}