{"1": 2379.93505859375, "0": null, "3": 2386.3623046875, "2": 124.51136016845703}