{"10": 1169.6429443359375, "1": 48.01068878173828, "0": null, "3": 127.13566589355469, "2": 98.28373718261719, "5": 1293.4959716796875, "4": 707.941650390625, "7": 498.5155029296875, "6": null, "9": 498.5155029296875, "8": null}