{"10": 113.5618896484375, "1": null, "0": null, "3": null, "2": 1343.2510986328125, "5": 156.28823852539062, "4": 1199.34228515625, "7": 1921.68115234375, "6": 460.8438720703125, "9": 113.5618896484375, "8": 1519.273681640625}