{"1": null, "0": null, "3": 858.4649658203125, "2": 293.90643310546875, "5": 434.0206298828125, "4": 238.01393127441406, "7": 113.5618896484375, "6": 963.9210815429688}