{"1": 989.8319091796875, "0": null, "3": 301.3571472167969, "2": 554.7034301757812}