{"11": 113.5618896484375, "10": 231.1779327392578, "1": 228.8524627685547, "0": null, "3": 349.2142333984375, "2": 231.4198455810547, "5": 262.1783142089844, "4": 193.09185791015625, "7": null, "6": 262.1783142089844, "9": 296.600341796875, "8": 231.1779327392578}