{"10": 113.5618896484375, "1": null, "0": null, "3": 48.01068878173828, "2": 293.90643310546875, "5": 293.90643310546875, "4": null, "7": 154.12796020507812, "6": 311.6586608886719, "9": 714.0089721679688, "8": 615.7315673828125}