{"1": 1231.6939697265625, "0": null, "3": 211.1148223876953, "2": 1358.8602294921875, "5": 398.8114929199219, "4": 340.3487243652344, "6": null}