{"1": 231.1779327392578, "0": null, "3": null, "2": 118.71705627441406, "5": 156.28823852539062, "4": 231.1779327392578, "7": 113.5618896484375, "6": 628.6822509765625}