{"11": 367.9392395019531, "10": null, "13": 627.6134643554688, "12": 1258.418701171875, "15": 98.28373718261719, "14": 238.01393127441406, "17": 113.5618896484375, "16": 847.1475219726562, "1": 96.60108184814453, "0": null, "3": 261.4669189453125, "2": 238.01393127441406, "5": null, "4": 628.6822509765625, "7": 238.01393127441406, "6": 96.60108184814453, "9": 628.6822509765625, "8": 261.4669189453125}