{"11": 668.6964721679688, "10": 668.6964721679688, "13": 668.6964721679688, "12": 668.6964721679688, "15": 156.28823852539062, "14": 668.6964721679688, "17": null, "16": 826.6676025390625, "1": 165.36244201660156, "0": null, "3": 48.01068878173828, "2": 113.5618896484375, "5": 359.4571838378906, "4": 2369.97607421875, "7": 787.7896728515625, "6": 48.01068878173828, "9": 668.6964721679688, "8": 668.6964721679688}