{"1": 99.05876922607422, "0": null, "3": 265.1156005859375, "2": 1118.3221435546875, "5": 498.5155029296875, "4": null, "6": null}