{"20": 427.4686279296875, "21": 686.1961669921875, "22": null, "23": 113.5618896484375, "1": 48.01068878173828, "0": null, "3": 110.06148529052734, "2": null, "5": 628.905517578125, "4": 427.4686279296875, "7": 110.06148529052734, "6": null, "9": 702.2273559570312, "8": 427.4686279296875, "11": null, "10": 48.01068878173828, "13": 48.01068878173828, "12": null, "15": 110.06148529052734, "14": null, "17": 590.4214477539062, "16": 427.4686279296875, "19": 110.06148529052734, "18": null}