{"11": 289.9397888183594, "1": 162.67271423339844, "13": 97.52190399169922, "12": 61.87153625488281, "20": null, "14": 110.06148529052734, "17": 48.01068878173828, "16": 97.94062805175781, "19": 1575.8294677734375, "18": 461.4263000488281, "15": 97.94062805175781, "0": null, "3": 99.51375579833984, "2": 386.2728271484375, "5": 162.67271423339844, "4": 162.67271423339844, "7": null, "6": 741.5536499023438, "9": 396.35906982421875, "8": 48.01068878173828, "10": 208.05667114257812}