{"1": 99.05876922607422, "0": null, "3": 498.5155029296875, "2": 313.4168701171875, "5": 260.82861328125, "4": 191.61383056640625, "6": null}