{"11": 110.06148529052734, "10": 398.5359802246094, "13": 97.94062805175781, "12": 97.94062805175781, "15": 336.2308349609375, "14": 421.21392822265625, "16": 113.5618896484375, "1": null, "0": null, "3": 48.01068878173828, "2": 2337.409912109375, "5": 398.5359802246094, "4": 979.5100708007812, "7": 97.94062805175781, "6": 110.06148529052734, "9": 508.2088928222656, "8": 48.01068878173828}