{"1": 498.4609680175781, "0": null, "2": 154.8218994140625}