{"1": 48.01068878173828, "0": null, "3": 498.5155029296875, "2": 1522.7835693359375, "4": 105.30901336669922}