{"1": 238.01393127441406, "0": null, "3": 282.5924377441406, "2": 160.5876922607422, "5": 161.95957946777344, "4": 156.28823852539062, "6": null}