{"1": 604.1400146484375, "0": null, "3": null, "2": 388.11395263671875}