{"20": 219.9720001220703, "21": 265.3548583984375, "1": null, "0": null, "3": 97.94062805175781, "2": null, "5": null, "4": null, "7": 1854.0054931640625, "6": 161.01646423339844, "9": 790.3889770507812, "8": 99.05876922607422, "11": 98.28373718261719, "10": 99.05876922607422, "13": 530.556396484375, "12": 99.05876922607422, "15": null, "14": 219.9720001220703, "17": null, "16": 260.02496337890625, "19": 113.5618896484375, "18": 219.9720001220703}