{"10": 113.5618896484375, "1": 231.4198455810547, "0": null, "3": 100.74032592773438, "2": 217.2290496826172, "5": 584.6656494140625, "4": 48.01068878173828, "7": 99.51375579833984, "6": 814.8449096679688, "9": 231.1779327392578, "8": 461.8276062011719}