{"24": 113.5618896484375, "25": 113.5618896484375, "20": 113.5618896484375, "21": 99.05876922607422, "22": 646.2551879882812, "23": 498.5155029296875, "1": 507.84161376953125, "0": null, "3": 1449.9482421875, "2": 1038.1796875, "5": 125.33550262451172, "4": 423.4107971191406, "7": 144.55377197265625, "6": 446.02532958984375, "9": 217.96713256835938, "8": 108.47050476074219, "11": 246.66941833496094, "10": 144.55377197265625, "13": 623.5911865234375, "12": 217.96713256835938, "15": 217.96713256835938, "14": 215.35308837890625, "17": 99.05876922607422, "16": 98.28373718261719, "19": 498.5155029296875, "18": 1076.1209716796875}