{"11": 231.1779327392578, "10": 192.8532257080078, "13": 276.5468444824219, "12": 191.61383056640625, "15": 48.01068878173828, "14": null, "17": 156.28823852539062, "16": 219.39256286621094, "19": 113.5618896484375, "18": null, "1": 215.0655517578125, "0": null, "3": 456.2796936035156, "2": 47.80022430419922, "5": 471.9868469238281, "4": 47.80022430419922, "7": 305.1706848144531, "6": 385.0862731933594, "9": 438.24530029296875, "8": 253.0955047607422}