{"1": 99.05876922607422, "0": null, "3": 219.9720001220703, "2": 2381.863525390625, "4": null}