{"1": 97.94062805175781, "0": null, "3": null, "2": 48.01068878173828, "5": 161.01646423339844, "4": 230.21392822265625, "7": 424.53363037109375, "6": null, "9": null, "8": null}