{"10": null, "1": 156.28823852539062, "0": null, "3": 203.98468017578125, "2": 282.5600891113281, "5": 156.28823852539062, "4": 238.1498565673828, "7": 99.68372344970703, "6": 177.2951202392578, "9": 435.2791442871094, "8": 231.08328247070312}