{"1": 756.3511352539062, "0": null, "3": null, "2": 782.0858154296875}