{"1": 201.81800842285156, "0": null, "3": 293.90643310546875, "2": null, "5": 111.2505874633789, "4": 156.28823852539062}