{"11": 498.5155029296875, "10": null, "13": 368.00921630859375, "12": 48.01068878173828, "15": 204.32080078125, "14": 161.5033721923828, "17": null, "16": 204.32080078125, "18": null, "1": 161.01646423339844, "0": null, "3": null, "2": 48.01068878173828, "5": 48.01068878173828, "4": null, "7": null, "6": 438.7187194824219, "9": 498.5155029296875, "8": 261.3374938964844}