{"1": 231.1779327392578, "0": null, "3": 231.1779327392578, "2": 558.0653686523438, "5": 156.93727111816406, "4": 231.1779327392578}