{"1": 415.397705078125, "0": null, "3": 161.01646423339844, "2": 231.1779327392578, "5": 538.21142578125, "4": 534.0612182617188, "7": 156.28823852539062, "6": 217.96713256835938, "9": 113.5618896484375, "8": null}