{"1": 883.5955200195312, "0": null, "3": 386.5662841796875, "2": 634.3621826171875}