{"11": 1482.8431396484375, "10": 219.9720001220703, "13": 219.9720001220703, "12": 127.98406219482422, "14": null, "1": 161.01646423339844, "0": null, "3": 48.01068878173828, "2": 98.28373718261719, "5": 504.0232849121094, "4": 389.83428955078125, "7": 2367.29296875, "6": 505.1637268066406, "9": 1809.166015625, "8": 48.01068878173828}