{"1": 99.05876922607422, "0": null, "3": 99.05876922607422, "2": 414.8902282714844, "5": 498.5155029296875, "4": 2370.067626953125, "7": 498.5155029296875, "6": 914.1510620117188, "8": null}