{"1": 567.0633544921875, "0": null, "3": null, "2": 291.60284423828125, "5": 156.28823852539062, "4": 156.28823852539062, "6": 113.5618896484375}