{"1": 264.07965087890625, "0": null, "3": 788.1741333007812, "2": 98.30352020263672, "5": 48.01068878173828, "4": 788.1741333007812, "7": 60.12240219116211, "6": 858.1903686523438, "9": 113.5618896484375, "8": 435.2791442871094}