{"1": 165.36244201660156, "0": null, "3": 99.05876922607422, "2": 98.28373718261719, "5": 498.5155029296875, "4": 1568.4864501953125, "7": null, "6": 1792.50244140625}