{"1": 191.61383056640625, "0": null, "3": 293.90643310546875, "2": null, "5": null, "4": 164.402587890625, "7": 370.3677978515625, "6": 2342.875244140625, "8": 113.5618896484375}