{"10": null, "1": 99.05876922607422, "0": null, "3": 48.01068878173828, "2": 1947.43798828125, "5": 549.1600341796875, "4": 1318.8087158203125, "7": 219.9720001220703, "6": 349.0628967285156, "9": 219.9720001220703, "8": null}