{"1": null, "0": null, "3": 99.05876922607422, "2": 98.28373718261719, "5": 498.5155029296875, "4": 1629.1585693359375, "6": 156.28823852539062}