{"1": 231.1779327392578, "0": null, "3": 156.93727111816406, "2": 572.4293823242188}