{"1": [[5, 0.625], [4, 0.234375], [3, 0.140625]], "3": [[16, 1.0]], "4": [[5, 1.0]], "5": [[7, 1.0]], "7": [[11, 0.625], [10, 0.234375], [9, 0.140625]], "9": [[16, 1.0]], "10": [[11, 1.0]], "11": [[12, 1.0]], "12": [[13, 0.5], [15, 0.5]], "13": [[15, 0.5], [15, 0.5]], "15": [[16, 1.0]], "16": []}