{"1": 257.9168395996094, "0": null, "3": null, "2": 367.9544372558594, "5": 367.9544372558594, "4": 137.28106689453125, "7": null, "6": 156.28823852539062}