{"1": 213.456787109375, "0": null, "3": 213.456787109375, "2": 99.02826690673828, "5": 450.6742858886719, "4": 119.50780487060547, "7": 450.6742858886719, "6": 119.50780487060547, "8": null}