{"1": 99.05876922607422, "0": null, "3": 99.05876922607422, "2": 2385.404296875, "5": 498.5155029296875, "4": 2374.7744140625, "7": 498.5155029296875, "6": null, "8": null}