{"11": 1571.6380615234375, "10": 1571.6380615234375, "13": 1571.6380615234375, "12": 1571.6380615234375, "15": 156.28823852539062, "14": 1571.6380615234375, "17": null, "16": 1966.59326171875, "1": 165.36244201660156, "0": null, "3": 48.01068878173828, "2": 113.5618896484375, "5": 359.4571838378906, "4": 2354.358154296875, "7": 307.3526916503906, "6": 48.01068878173828, "9": 1571.6380615234375, "8": 1571.6380615234375}