{"11": 99.0981216430664, "10": 576.6942749023438, "13": 156.28823852539062, "12": 231.1779327392578, "15": null, "14": null, "17": 113.5618896484375, "16": 98.28373718261719, "1": 217.06903076171875, "0": null, "3": 217.06903076171875, "2": 397.0888671875, "5": 409.0968017578125, "4": 407.1180419921875, "7": 217.06903076171875, "6": 576.6942749023438, "9": 409.0968017578125, "8": 407.1180419921875}