{"1": 93.97075653076172, "0": null, "3": 2387.959716796875, "2": 2381.6279296875, "5": null, "4": null}