{"1": [[15, 1.0]], "2": [[3, 0.625], [5, 0.234375], [12, 0.140625]], "3": [[5, 0.625], [12, 0.375]], "5": [[6, 0.625], [11, 0.375]], "6": [[7, 1.0]], "7": [[8, 0.969], [10, 0.031]], "8": [[9, 1.0]], "10": [[11, 1.0]], "11": [[12, 1.0]], "12": [[13, 0.625], [14, 0.375]], "13": [[14, 1.0]], "14": [[15, 1.0]], "9": [], "15": []}