{"24": null, "25": 885.8817749023438, "26": 852.6926879882812, "27": 113.5618896484375, "20": 97.94062805175781, "21": 159.30274963378906, "22": null, "23": 98.28373718261719, "1": 48.01068878173828, "0": null, "3": 97.94062805175781, "2": 99.51375579833984, "5": null, "4": 112.78191375732422, "7": 1486.8282470703125, "6": 110.06148529052734, "9": null, "8": 636.9447631835938, "11": null, "10": 48.01068878173828, "13": 1486.8282470703125, "12": 110.06148529052734, "15": 48.01068878173828, "14": 652.0267333984375, "17": 110.06148529052734, "16": 48.01068878173828, "19": 99.05876922607422, "18": 116.72843170166016}