{"1": [[2, 0.969], [26, 0.031]], "2": [[3, 0.625], [4, 0.375]], "3": [[19, 1.0]], "4": [[8, 0.625], [7, 0.363375], [6, 0.011625]], "6": [[27, 1.0]], "7": [[8, 1.0]], "8": [[25, 0.5], [10, 0.5]], "10": [[14, 0.625], [13, 0.363375], [12, 0.011625]], "12": [[27, 1.0]], "13": [[14, 1.0]], "14": [[15, 1.0]], "15": [[10, 0.969], [16, 0.031]], "16": [[17, 0.375], [18, 0.625]], "17": [[25, 1.0]], "18": [[19, 1.0]], "19": [[20, 0.031], [21, 0.969]], "20": [[26, 1.0]], "21": [[23, 1.0]], "23": [[25, 1.0]], "25": [[1, 1.0]], "26": [[27, 1.0]], "27": []}