{"1": 48.01068878173828, "0": null, "3": 498.5155029296875, "2": 185.9125518798828, "4": 220.398193359375}