{"2": [[3, 0.625], [18, 0.234375], [13, 0.140625]], "3": [[4, 0.375], [18, 0.390625], [13, 0.234375]], "4": [[5, 0.625], [7, 0.375]], "5": [[6, 0.625], [7, 0.375]], "6": [[18, 0.625], [13, 0.375]], "7": [[8, 0.625], [18, 0.234375], [13, 0.140625]], "8": [[18, 0.625], [13, 0.375]], "13": [[17, 0.625], [18, 0.375]], "18": [[19, 1.0]], "19": [[20, 0.625]], "20": [[21, 0.625], [23, 0.375]], "21": [[23, 0.625], [22, 0.375]], "22": [[23, 1.0]], "23": []}