{"11": 426.8349914550781, "10": 641.3794555664062, "13": null, "12": 106.80059814453125, "15": 99.51375579833984, "14": 97.94062805175781, "17": 1010.4893188476562, "16": 426.8349914550781, "18": null, "1": null, "0": null, "3": 346.07611083984375, "2": 97.94062805175781, "5": null, "4": 188.53199768066406, "7": 189.87881469726562, "6": 97.94062805175781, "9": 97.94062805175781, "8": 97.94062805175781}