{"2": [], "3": [[4, 1.0]], "4": [[10, 0.062], [6, 0.0575], [7, 0.0575], [14, 0.763638], [15, 0.05836199999999999]], "6": [], "7": [[8, 1.0], [9, 0.0]], "8": [], "9": [[10, 1.0]], "10": [[11, 0.077], [12, 0.923]], "11": [[12, 1.0]], "12": [[14, 0.929], [15, 0.071]], "14": [], "15": [[16, 0.077], [17, 0.923]], "16": [[17, 1.0]], "17": []}