{"1": 369.2596435546875, "0": null, "3": 99.05876922607422, "2": 394.92864990234375, "5": 498.5155029296875, "4": 214.16952514648438, "7": 435.2791442871094, "6": 868.0587768554688, "8": 113.5618896484375}