{"11": 113.5618896484375, "10": 354.36859130859375, "1": 48.01068878173828, "0": null, "3": null, "2": 424.82171630859375, "5": 231.1779327392578, "4": 566.49267578125, "7": null, "6": 498.5155029296875, "9": 217.96713256835938, "8": 48.01068878173828}