{"1": [[2, 0.9], [4, 0.09000000000000001], [8, 0.010000000000000002]], "2": [[4, 0.9], [8, 0.1]], "4": [[5, 0.111], [6, 0.889]], "5": [], "6": [], "8": [[9, 1.0], [10, 0.0]], "9": [[11, 1.0]], "10": [[11, 1.0]], "11": []}