{"11": 98.36978912353516, "10": null, "13": 113.5618896484375, "12": 2364.176513671875, "1": 191.61383056640625, "0": null, "3": 198.84173583984375, "2": 231.1779327392578, "5": 217.96713256835938, "4": 931.8615112304688, "7": 113.5618896484375, "6": 48.01068878173828, "9": 156.28823852539062, "8": 156.28823852539062}