{"11": 156.28823852539062, "10": 127.98406219482422, "12": null, "1": 98.28373718261719, "0": null, "3": 2369.854736328125, "2": 48.01068878173828, "5": 48.01068878173828, "4": 156.28823852539062, "7": 219.39256286621094, "6": 156.28823852539062, "9": null, "8": null}