{"20": null, "21": null, "1": 191.0604705810547, "0": null, "3": null, "2": 156.28823852539062, "5": 775.6469116210938, "4": 293.90643310546875, "7": 97.52190399169922, "6": 165.36244201660156, "9": 156.28823852539062, "8": 97.52190399169922, "11": 293.90643310546875, "10": null, "13": 61.87153625488281, "12": 305.60699462890625, "15": null, "14": 156.28823852539062, "17": 810.2741088867188, "16": 293.90643310546875, "19": 219.39256286621094, "18": 660.96044921875}