{"1": 99.05876922607422, "0": null, "3": 219.9720001220703, "2": 622.5421142578125, "4": null}