{"1": 231.1779327392578, "0": null, "3": 504.5977783203125, "2": 681.6121215820312, "5": 98.28373718261719, "4": 450.094482421875, "6": 113.5618896484375}