{"1": null, "0": null, "3": 143.33033752441406, "2": null, "5": 161.01646423339844, "4": 336.53179931640625, "7": 424.53363037109375, "6": null, "9": null, "8": null}