{"1": 48.01068878173828, "0": null, "3": 498.5155029296875, "2": 1882.497314453125, "4": 402.6090087890625}