{"11": 876.1845703125, "10": 876.1845703125, "13": 876.1845703125, "12": 876.1845703125, "15": 156.28823852539062, "14": 876.1845703125, "17": null, "16": 826.6676025390625, "1": 165.36244201660156, "0": null, "3": 48.01068878173828, "2": 113.5618896484375, "5": 359.4571838378906, "4": 2369.577880859375, "7": 307.3526916503906, "6": 48.01068878173828, "9": 876.1845703125, "8": 876.1845703125}