{"1": 48.01068878173828, "0": null, "3": 498.5155029296875, "2": 2322.01416015625, "4": 113.5618896484375}