{"11": 2352.353515625, "10": 2307.167724609375, "13": 127.98406219482422, "12": 2373.858154296875, "14": null, "1": 48.01068878173828, "0": null, "3": 97.94062805175781, "2": 48.01068878173828, "5": 2100.246826171875, "4": 881.2316284179688, "7": 860.994140625, "6": 2370.76318359375, "9": 48.01068878173828, "8": 199.8825225830078}