{"11": 219.9720001220703, "10": null, "12": null, "1": 48.01068878173828, "0": null, "3": 48.01068878173828, "2": 98.28373718261719, "5": 48.01068878173828, "4": 672.228515625, "7": 219.9720001220703, "6": 412.8416442871094, "9": 219.9720001220703, "8": null}