{"10": null, "1": null, "0": null, "3": 329.5469970703125, "2": 293.90643310546875, "5": 118.71705627441406, "4": 351.948486328125, "7": 954.3845825195312, "6": 798.435302734375, "9": 293.590576171875, "8": 963.92724609375}