{"11": 782.9723510742188, "10": 98.28373718261719, "12": 113.5618896484375, "1": 98.30352020263672, "0": null, "3": 423.0169982910156, "2": 161.5033721923828, "5": 156.28823852539062, "4": 368.4794006347656, "7": 338.18292236328125, "6": 161.5033721923828, "9": 156.28823852539062, "8": 476.4193420410156}