{"1": 293.91815185546875, "0": null, "3": 55.530548095703125, "2": 327.5455322265625, "5": 293.91815185546875, "4": 156.28823852539062, "7": 293.91815185546875, "6": 1756.1251220703125, "8": 381.7315979003906}