{"1": 1106.7469482421875, "0": null, "3": 231.4198455810547, "2": 191.61383056640625, "5": 467.6291198730469, "4": 238.01393127441406, "7": 113.5618896484375, "6": 98.28373718261719}