{"11": 48.01068878173828, "10": 416.3848571777344, "13": 312.97955322265625, "12": 1908.8505859375, "15": 127.98406219482422, "14": 157.49887084960938, "17": 231.1779327392578, "16": 2359.5703125, "19": 113.5618896484375, "18": 657.84814453125, "1": 178.25045776367188, "0": null, "3": 422.7987976074219, "2": 231.1779327392578, "5": 276.4266662597656, "4": 231.1779327392578, "7": 357.33721923828125, "6": 231.1779327392578, "9": 642.53662109375, "8": 762.7613525390625}