{"10": null, "1": 98.28373718261719, "0": null, "3": 1130.722900390625, "2": 48.01068878173828, "5": 2342.06005859375, "4": 48.01068878173828, "7": 1687.724853515625, "6": 498.5155029296875, "9": 156.28823852539062, "8": 498.5155029296875}