{"10": null, "1": 141.35902404785156, "0": null, "3": 141.35902404785156, "2": 98.28373718261719, "5": 670.3751220703125, "4": 2374.073486328125, "7": 498.5155029296875, "6": null, "9": 498.5155029296875, "8": null}