{"11": 313.9664306640625, "10": 217.96713256835938, "12": 305.44207763671875, "1": 258.4988708496094, "0": null, "3": 198.84173583984375, "2": 48.01068878173828, "5": 400.2170715332031, "4": 99.05876922607422, "7": null, "6": 2365.65234375, "9": null, "8": 498.5155029296875}