{"11": null, "10": 156.28823852539062, "13": 721.4290771484375, "12": null, "15": 113.5618896484375, "14": 599.77978515625, "1": 347.1433410644531, "0": null, "3": 156.28823852539062, "2": 156.28823852539062, "5": 156.28823852539062, "4": 156.28823852539062, "7": 504.5693664550781, "6": 504.5693664550781, "9": 504.5693664550781, "8": 555.7478637695312}