{"1": 663.4024658203125, "0": null, "3": 329.7901611328125, "2": 215.41896057128906, "5": 752.92626953125, "4": 99.05876922607422, "7": null, "6": 498.5155029296875}