{"11": 231.1779327392578, "1": 178.25045776367188, "13": null, "12": 156.28823852539062, "20": 113.5618896484375, "14": 47.80022430419922, "17": 231.1779327392578, "16": 173.21485900878906, "19": 98.28373718261719, "18": 101.16937255859375, "15": 235.11074829101562, "0": null, "3": null, "2": 309.2781982421875, "5": 392.598876953125, "4": 231.1779327392578, "7": 49.00694274902344, "6": 235.63368225097656, "9": 398.5359802246094, "8": 217.06903076171875, "10": 441.14593505859375}