{"1": 2133.509521484375, "0": null, "3": 1272.81689453125, "2": 720.4053344726562, "4": 2336.6806640625}