{"1": 830.4124145507812, "0": null, "3": 320.8287353515625, "2": 351.3865051269531, "5": null, "4": null, "6": 113.5618896484375}