{"20": 48.01068878173828, "21": 472.30450439453125, "22": 498.5155029296875, "23": null, "1": 191.0604705810547, "0": null, "3": 225.73773193359375, "2": 393.92523193359375, "5": 61.87153625488281, "4": null, "7": null, "6": 156.28823852539062, "9": 218.99594116210938, "8": 293.90643310546875, "11": 293.90643310546875, "10": null, "13": 48.01068878173828, "12": 98.28373718261719, "15": 660.96044921875, "14": 782.0985717773438, "17": null, "16": 219.39256286621094, "19": 98.28373718261719, "18": 127.98406219482422}