{"1": 178.25045776367188, "0": null, "3": 106.40927124023438, "2": 317.2709045410156, "5": 288.3055419921875, "4": 566.91455078125}