{"1": 161.01646423339844, "0": null, "3": null, "2": 48.01068878173828, "5": 498.5155029296875, "4": null, "7": 368.00921630859375, "6": 191.61383056640625, "8": 354.31915283203125}