{"1": 636.6674194335938, "0": null, "3": 99.51375579833984, "2": 111.2505874633789, "5": 467.17181396484375, "4": 235.93441772460938, "6": 111.2505874633789}