{"24": 99.51375579833984, "25": 139.22802734375, "26": null, "20": 169.50680541992188, "21": 233.84837341308594, "22": null, "23": 498.5155029296875, "1": 573.1099853515625, "0": null, "3": 498.5155029296875, "2": 222.13963317871094, "5": 231.1779327392578, "4": 271.596923828125, "7": 231.1779327392578, "6": 48.01068878173828, "9": 1325.3280029296875, "8": 1904.8863525390625, "11": 217.96713256835938, "10": 156.28823852539062, "13": 48.01068878173828, "12": null, "15": 265.1156005859375, "14": 191.61383056640625, "17": 156.28823852539062, "16": 399.44366455078125, "19": 161.01646423339844, "18": 201.0172882080078}