{"11": 420.9568786621094, "10": 293.90643310546875, "13": 156.28823852539062, "12": 294.4163818359375, "1": 279.9067687988281, "0": null, "3": 48.01068878173828, "2": 381.0608215332031, "5": 217.96713256835938, "4": 161.01646423339844, "7": null, "6": 262.1783142089844, "9": null, "8": 590.304443359375}