{"1": 156.28823852539062, "0": null, "3": 156.28823852539062, "2": 156.28823852539062, "5": 231.1779327392578, "4": 231.1779327392578, "7": 231.1779327392578, "6": 231.1779327392578, "8": 113.5618896484375}