{"1": 99.51375579833984, "0": null, "3": 490.2337646484375, "2": 217.2290496826172, "4": null}