{"1": [[20, 1.0]], "2": [[3, 1.0]], "3": [[4, 0.941], [10, 0.059]], "4": [[5, 0.941], [6, 0.059]], "5": [[20, 1.0]], "6": [[7, 0.031], [9, 0.969]], "7": [[20, 1.0]], "10": [[11, 0.375], [13, 0.3125], [15, 0.15625], [17, 0.078125], [19, 0.078125]], "11": [[20, 1.0]], "13": [[15, 0.5], [17, 0.25], [19, 0.25]], "15": [[20, 1.0]], "17": [[18, 0.625], [19, 0.375]], "18": [[19, 1.0]], "19": [[20, 1.0]], "9": [], "20": []}