{"1": 98.98808288574219, "0": null, "3": 344.0721130371094, "2": 2340.920654296875, "5": 957.4442138671875, "4": 333.1287536621094, "6": null}