{"11": 231.1779327392578, "10": 246.38186645507812, "13": 498.5155029296875, "12": null, "15": 498.5155029296875, "14": null, "17": 113.5618896484375, "16": 231.1779327392578, "1": 161.01646423339844, "0": null, "3": 231.1779327392578, "2": 163.81202697753906, "5": 127.98406219482422, "4": 156.28823852539062, "7": 48.01068878173828, "6": 143.8448944091797, "9": 48.01068878173828, "8": 98.28373718261719}