{"1": 488.3102722167969, "0": null, "3": 231.1779327392578, "2": 48.01068878173828, "5": 532.1370239257812, "4": 48.01068878173828, "7": 175.0178985595703, "6": 419.6077880859375}