{"11": 156.28823852539062, "10": 370.68768310546875, "13": 435.2791442871094, "12": 60.12240219116211, "15": 113.5618896484375, "14": null, "1": 99.9737777709961, "0": null, "3": 435.32318115234375, "2": 369.2596435546875, "5": 99.05876922607422, "4": 98.28373718261719, "7": 584.0010986328125, "6": 341.15753173828125, "9": 498.5155029296875, "8": null}