{"11": 344.0721130371094, "10": null, "13": 111.2505874633789, "12": 231.1779327392578, "1": 48.01068878173828, "0": null, "3": 239.07774353027344, "2": 224.17979431152344, "5": 108.13851928710938, "4": 156.28823852539062, "7": 99.02826690673828, "6": 100.11705017089844, "9": 219.39256286621094, "8": 163.8355712890625}