{"1": 48.01068878173828, "0": null, "3": 498.5155029296875, "2": 528.4088745117188, "4": null}