{"24": null, "25": 498.5155029296875, "26": null, "20": 988.574462890625, "21": 156.28823852539062, "22": 692.5548706054688, "23": 127.98406219482422, "1": 48.01068878173828, "0": null, "3": 156.28823852539062, "2": 1195.646240234375, "5": 127.98406219482422, "4": 872.05712890625, "7": 48.01068878173828, "6": null, "9": 498.5155029296875, "8": 202.08383178710938, "11": 48.01068878173828, "10": 231.1779327392578, "13": 156.28823852539062, "12": 661.1218872070312, "15": 156.28823852539062, "14": 519.6251220703125, "17": 48.01068878173828, "16": 98.28373718261719, "19": 156.28823852539062, "18": 1046.59033203125}