{"24": 385.1650390625, "25": 385.1650390625, "26": null, "27": null, "20": 385.1650390625, "21": 99.51375579833984, "22": 385.1650390625, "23": 48.01068878173828, "28": null, "1": 161.01646423339844, "0": null, "3": 535.05322265625, "2": 767.9033813476562, "5": 118.337646484375, "4": 99.51375579833984, "7": 98.28373718261719, "6": 118.337646484375, "9": 161.01646423339844, "8": 315.3226013183594, "11": 118.337646484375, "10": 99.51375579833984, "13": null, "12": 110.06148529052734, "15": 48.01068878173828, "14": 424.53363037109375, "17": null, "16": 112.78191375732422, "19": 99.51375579833984, "18": 97.94062805175781}