{"1": 158.4871063232422, "0": null, "3": 2363.859619140625, "2": 48.01068878173828, "5": null, "4": 1089.124267578125, "6": null}