{"1": 48.01068878173828, "0": null, "3": 219.9720001220703, "2": 234.6628875732422, "4": 491.3302917480469}