{"1": 161.01646423339844, "0": null, "3": 48.01068878173828, "2": 2365.843994140625, "5": 219.9720001220703, "4": 2366.7216796875, "7": 219.9720001220703, "6": 2365.575927734375, "8": null}