{"11": 404.2276916503906, "10": 150.09678649902344, "13": 2031.591064453125, "12": 156.28823852539062, "15": 332.7533264160156, "14": null, "17": 231.1779327392578, "16": 480.0944519042969, "18": 113.5618896484375, "1": 48.01068878173828, "0": null, "3": null, "2": 583.4684448242188, "5": 400.1412048339844, "4": 606.4714965820312, "7": 48.01068878173828, "6": 48.01068878173828, "9": 934.7806396484375, "8": 156.28823852539062}