{"20": null, "21": 219.9720001220703, "22": null, "1": 207.8472442626953, "0": null, "3": null, "2": 207.8472442626953, "5": 1906.312255859375, "4": 161.01646423339844, "7": 784.4443359375, "6": 329.1121520996094, "9": null, "8": 48.01068878173828, "11": 979.7118530273438, "10": 99.05876922607422, "13": 219.9720001220703, "12": 506.7364501953125, "15": 98.28373718261719, "14": 48.01068878173828, "17": 888.0036010742188, "16": 48.01068878173828, "19": 97.94062805175781, "18": 219.9720001220703}