{"11": 652.0267333984375, "10": 427.4686279296875, "13": 112.78191375732422, "12": 48.01068878173828, "15": 701.1680908203125, "14": null, "16": 113.5618896484375, "1": 48.01068878173828, "0": null, "3": 110.06148529052734, "2": null, "5": 576.5450439453125, "4": 427.4686279296875, "7": 48.01068878173828, "6": null, "9": 110.06148529052734, "8": null}