{"11": 243.23020935058594, "10": 156.28823852539062, "1": null, "0": null, "3": 317.8427429199219, "2": 293.90643310546875, "5": 293.90643310546875, "4": null, "7": 160.5876922607422, "6": 327.2711486816406, "9": 293.90643310546875, "8": null}