{"1": 398.5359802246094, "0": null, "3": 118.71705627441406, "2": 231.1779327392578, "5": 231.1779327392578, "4": 411.3902893066406, "7": 231.1779327392578, "6": 156.28823852539062, "8": 113.5618896484375}