{"11": 219.9720001220703, "10": 207.4214630126953, "12": null, "1": 161.01646423339844, "0": null, "3": 99.05876922607422, "2": 323.48760986328125, "5": 285.4319152832031, "4": 211.6824493408203, "7": 219.9720001220703, "6": null, "9": 454.1510925292969, "8": 48.01068878173828}