{"20": null, "21": null, "1": 99.51375579833984, "0": null, "3": 126.29124450683594, "2": 126.29124450683594, "5": 99.51375579833984, "4": null, "7": 126.29124450683594, "6": 126.29124450683594, "9": 426.8349914550781, "8": 160.14048767089844, "11": 426.8349914550781, "10": 99.51375579833984, "13": 259.2422790527344, "12": null, "15": 331.88043212890625, "14": 426.8349914550781, "17": 213.45513916015625, "16": 161.01646423339844, "19": 97.94062805175781, "18": 127.98406219482422}