{"1": 283.6349182128906, "0": null, "3": 48.01068878173828, "2": 968.9969482421875, "5": 565.1908569335938, "4": 851.57861328125}