{"11": null, "10": 99.51375579833984, "13": null, "12": 293.90643310546875, "15": null, "14": 164.9205322265625, "17": 231.1779327392578, "16": 231.1779327392578, "18": 113.5618896484375, "1": null, "0": null, "3": 99.51375579833984, "2": 293.90643310546875, "5": 293.90643310546875, "4": null, "7": 187.88853454589844, "6": null, "9": 293.90643310546875, "8": null}