{"20": 566.1874389648438, "21": null, "1": 99.05876922607422, "0": null, "3": 48.01068878173828, "2": 200.4046630859375, "5": 219.9720001220703, "4": 2369.33056640625, "7": 48.01068878173828, "6": null, "9": 456.18939208984375, "8": 991.3169555664062, "11": 110.06148529052734, "10": 1227.8675537109375, "13": 342.0706787109375, "12": 123.45777893066406, "15": 110.06148529052734, "14": 1227.8675537109375, "17": 216.44125366210938, "16": null, "19": null, "18": 127.98406219482422}