{"1": 99.05876922607422, "0": null, "3": 99.05876922607422, "2": 98.28373718261719, "5": 498.5155029296875, "4": 2342.2333984375, "7": 498.5155029296875, "6": null, "8": null}