{"1": 154.12796020507812, "0": null, "3": 498.5155029296875, "2": 682.22119140625, "4": 111.2505874633789}