{"1": 332.59765625, "0": null, "2": 694.5430297851562}