{"1": 99.05876922607422, "0": null, "3": 160.98526000976562, "2": 602.2763671875}