{"1": [[3, 0.625], [2, 0.375]], "2": [[29, 1.0]], "3": [[4, 0.5], [9, 0.5]], "4": [[5, 0.941], [6, 0.059]], "5": [[29, 1.0]], "6": [[8, 0.625], [7, 0.375]], "7": [[29, 1.0]], "8": [[9, 1.0]], "9": [[12, 0.941], [10, 0.059]], "10": [[12, 0.625], [11, 0.375]], "11": [[29, 1.0]], "12": [[15, 0.3125], [14, 0.1875], [17, 0.1875], [19, 0.1171875], [22, 0.1220703125], [21, 0.0732421875]], "14": [[29, 1.0]], "15": [[17, 0.375], [19, 0.234375], [22, 0.244140625], [21, 0.146484375]], "17": [[29, 1.0]], "19": [[29, 1.0]], "21": [[29, 1.0]], "22": [[25, 0.625], [23, 0.375]], "23": [[24, 0.5], [25, 0.5]], "24": [[25, 1.0]], "25": [[26, 0.059], [28, 0.941]], "26": [[28, 0.625], [27, 0.375]], "27": [[29, 1.0]], "28": [[29, 1.0]], "29": []}