{"1": 794.1559448242188, "0": null, "3": 113.5618896484375, "2": 99.68372344970703}