{"1": 124.51136016845703, "0": null, "3": 99.05876922607422, "2": 1303.6219482421875, "5": 219.9720001220703, "4": 2327.462158203125, "7": null, "6": 97.94062805175781}