{"1": 98.28373718261719, "0": null, "3": 152.9141845703125, "2": 48.01068878173828, "5": 653.3078002929688, "4": 518.552490234375, "7": 127.98406219482422, "6": null, "9": null, "8": 156.28823852539062}