{"1": 99.05876922607422, "0": null, "3": 99.05876922607422, "2": 2377.364013671875, "5": 498.5155029296875, "4": 2302.638916015625, "7": 498.5155029296875, "6": null, "8": null}