{"11": null, "10": 191.61383056640625, "13": 438.7187194824219, "12": 132.94949340820312, "15": null, "14": 413.6697998046875, "17": 113.5618896484375, "16": 744.3174438476562, "1": 482.79107666015625, "0": null, "3": 156.28823852539062, "2": null, "5": 191.61383056640625, "4": 48.01068878173828, "7": 414.0826110839844, "6": 191.61383056640625, "9": 191.61383056640625, "8": null}