{"1": [[3, 1.0], [3, 0.0]], "3": [[4, 1.0]], "4": [[5, 1.0], [9, 0.0]], "5": [[6, 1.0], [9, 0.0]], "6": [[7, 0.75], [9, 0.1875]], "7": [[9, 0.75]], "9": [[10, 1.0], [12, 0.0]], "10": [[12, 1.0], [12, 0.0]], "12": [[13, 1.0]], "13": [[14, 0.667], [16, 0.22211100000000003], [17, 0.11088900000000002]], "14": [[16, 0.667], [17, 0.333]], "16": [], "17": []}