{"24": null, "20": 2332.8583984375, "21": 498.5155029296875, "22": null, "23": 498.5155029296875, "1": 99.05876922607422, "0": null, "3": 99.05876922607422, "2": 98.28373718261719, "5": 498.5155029296875, "4": 2332.8583984375, "7": 498.5155029296875, "6": null, "9": 99.05876922607422, "8": 98.28373718261719, "11": 99.05876922607422, "10": 98.28373718261719, "13": 498.5155029296875, "12": 2332.8583984375, "15": 498.5155029296875, "14": null, "17": 99.05876922607422, "16": 231.1779327392578, "19": 99.05876922607422, "18": 98.28373718261719}