{"1": 99.51375579833984, "0": null, "3": null, "2": 1280.164794921875}