{"1": 161.01646423339844, "0": null, "3": 498.5155029296875, "2": 2385.0087890625, "4": null}