{"11": null, "10": 436.1790466308594, "1": 124.51136016845703, "0": null, "3": 99.05876922607422, "2": 98.28373718261719, "5": 99.05876922607422, "4": 1969.9619140625, "7": 219.9720001220703, "6": 872.6699829101562, "9": 219.9720001220703, "8": null}