{"11": 156.28823852539062, "10": 156.28823852539062, "13": 113.5618896484375, "12": 231.1779327392578, "1": 411.3902893066406, "0": null, "3": 99.02826690673828, "2": 231.1779327392578, "5": 204.32080078125, "4": 157.77540588378906, "7": 1061.2025146484375, "6": 204.32080078125, "9": 307.8789978027344, "8": 107.1734619140625}