{"1": 385.1650390625, "0": null, "3": 396.5453186035156, "2": 385.1650390625, "4": null}