{"1": 97.94062805175781, "0": null, "3": 48.01068878173828, "2": 97.94062805175781, "5": null, "4": 851.7328491210938}