{"11": 116.72843170166016, "10": 231.50772094726562, "13": 219.9720001220703, "12": null, "14": null, "1": 48.01068878173828, "0": null, "3": 116.72843170166016, "2": 231.50772094726562, "5": 219.9720001220703, "4": null, "7": 48.01068878173828, "6": 110.06148529052734, "9": 116.72843170166016, "8": 231.50772094726562}