{"24": 48.01068878173828, "25": null, "26": 332.0897216796875, "27": 231.1779327392578, "20": 332.0897216796875, "21": 231.4198455810547, "22": 156.28823852539062, "23": null, "28": 113.5618896484375, "1": 156.28823852539062, "0": null, "3": null, "2": 118.71705627441406, "5": 134.52561950683594, "4": 370.3677978515625, "7": 294.1463317871094, "6": 312.6443786621094, "9": 99.51375579833984, "8": 98.28373718261719, "11": 308.27587890625, "10": null, "13": 143.8448944091797, "12": 231.1779327392578, "15": null, "14": null, "17": 118.71705627441406, "16": 332.0897216796875, "19": null, "18": 156.28823852539062}