{"1": 435.32318115234375, "0": null, "3": 156.28823852539062, "2": 231.1779327392578, "5": 98.28373718261719, "4": 355.15899658203125, "6": 113.5618896484375}