{"1": [[2, 1.0]], "2": [[9, 1.0], [5, 0.0], [4, 0.0]], "4": [[28, 1.0]], "5": [[6, 0.625], [7, 0.375]], "6": [[8, 1.0]], "7": [[8, 1.0]], "8": [[28, 1.0]], "9": [[13, 0.0], [12, 1.0], [11, 0.0]], "11": [[28, 1.0]], "12": [[28, 1.0]], "13": [[16, 0.031], [17, 0.9389609999999999], [16, 0.030039]], "16": [[28, 1.0]], "17": [[18, 0.5], [21, 0.4845], [20, 0.0155]], "18": [[21, 0.969], [20, 0.031]], "20": [[28, 1.0]], "21": [[22, 0.5], [24, 0.5]], "22": [[24, 1.0]], "24": [[16, 0.030039], [17, 0.9098532089999999], [16, 0.029107790999999997], [27, 0.0155], [26, 0.0155]], "26": [[28, 1.0]], "27": [[28, 1.0]], "28": []}