{"1": 99.05876922607422, "0": null, "3": 118.337646484375, "2": 158.12818908691406, "5": null, "4": 263.2813720703125, "7": 111.2505874633789, "6": 424.53363037109375}