{"11": 99.05876922607422, "1": 507.84161376953125, "13": 268.5744934082031, "12": 455.7958984375, "20": 113.5618896484375, "14": 223.12242126464844, "17": null, "16": 501.38134765625, "19": 501.38134765625, "18": 209.96705627441406, "15": 2082.068603515625, "0": null, "3": 501.38134765625, "2": 538.7642822265625, "5": 507.84161376953125, "4": 125.314697265625, "7": 130.20193481445312, "6": 98.28373718261719, "9": 498.5155029296875, "8": 937.894287109375, "10": 397.48974609375}