{"1": 482.79107666015625, "0": null, "3": 217.96713256835938, "2": 156.28823852539062, "5": 231.1779327392578, "4": null, "7": 113.5618896484375, "6": null}