{"24": 488.51678466796875, "25": 296.5270690917969, "26": 127.98406219482422, "27": 191.61383056640625, "20": 48.01068878173828, "21": 231.1779327392578, "22": 1191.04296875, "23": 232.67613220214844, "28": 404.2276916503906, "29": 331.5987548828125, "1": 48.01068878173828, "0": null, "3": 273.2381896972656, "2": 1021.6751098632812, "5": 697.1099243164062, "4": 274.8444519042969, "7": 1121.296630859375, "6": 164.84230041503906, "9": 764.7134399414062, "8": 164.84230041503906, "11": 294.4163818359375, "10": 48.01068878173828, "13": 48.01068878173828, "12": 327.06561279296875, "15": 48.01068878173828, "14": 231.1779327392578, "17": 156.28823852539062, "16": 231.1779327392578, "19": 231.1779327392578, "18": 1148.8236083984375}