{"1": 48.01068878173828, "0": null, "3": 219.9720001220703, "2": 2366.84912109375, "5": 2372.633544921875, "4": 154.6717529296875, "6": null}