{"1": 756.3511352539062, "0": null, "3": 344.0721130371094, "2": 782.0858154296875, "5": 1158.521484375, "4": 98.98808288574219, "7": null, "6": 509.28936767578125}