{"24": 113.5618896484375, "20": 220.4853515625, "21": 156.28823852539062, "22": null, "23": 501.38134765625, "1": 250.58294677734375, "0": null, "3": null, "2": 194.0852508544922, "5": 596.196044921875, "4": 164.9205322265625, "7": 47.80022430419922, "6": 385.4999694824219, "9": 156.28823852539062, "8": 135.51181030273438, "11": 220.4853515625, "10": null, "13": null, "12": 156.28823852539062, "15": 48.01068878173828, "14": 156.28823852539062, "17": 135.51181030273438, "16": 47.80022430419922, "19": null, "18": 156.28823852539062}