{"1": 99.05876922607422, "0": null, "3": 99.05876922607422, "2": 2390.214111328125, "5": 498.5155029296875, "4": 2316.8681640625, "7": 498.5155029296875, "6": null, "8": null}