{"11": 156.28823852539062, "10": 605.5469360351562, "13": 435.2791442871094, "12": 48.01068878173828, "15": 113.5618896484375, "14": 217.96713256835938, "1": 757.6220092773438, "0": null, "3": 873.8862915039062, "2": 652.7069091796875, "5": 947.0426635742188, "4": null, "7": 161.01646423339844, "6": 231.1779327392578, "9": 498.5155029296875, "8": 925.2581787109375}