{"1": 231.1779327392578, "0": null, "3": 501.38134765625, "2": 596.0901489257812, "5": 111.2505874633789, "4": 401.9653625488281}