{"1": 191.0604705810547, "0": null, "3": 293.90643310546875, "2": 156.28823852539062, "4": 176.71913146972656}