{"20": 1344.596435546875, "21": 435.2791442871094, "22": 109.47167205810547, "23": null, "1": 308.48883056640625, "0": null, "3": 359.4571838378906, "2": 456.217041015625, "5": 334.3214111328125, "4": 915.6991577148438, "7": 48.01068878173828, "6": 575.4927978515625, "9": 111.57061767578125, "8": 231.1779327392578, "11": 410.1695251464844, "10": null, "13": 258.08514404296875, "12": 498.5155029296875, "15": 334.3214111328125, "14": null, "17": 156.28823852539062, "16": 575.4927978515625, "19": 303.6242370605469, "18": 156.28823852539062}