{"1": 523.966796875, "0": null, "3": null, "2": null, "4": 113.5618896484375}