{"1": 48.01068878173828, "0": null, "3": null, "2": 751.30224609375, "5": 175.0178985595703, "4": 340.4682922363281}