{"1": [[2, 0.059], [4, 0.9118289999999999], [5, 0.029171]], "2": [[4, 0.969], [5, 0.031]], "4": [], "5": []}