{"1": 48.01068878173828, "0": null, "3": 231.1779327392578, "2": 192.7765350341797, "5": 498.5155029296875, "4": null, "7": 156.93727111816406, "6": 231.1779327392578}