{"1": 242.07627868652344, "0": null, "2": 390.5047302246094}