{"1": null, "0": null, "3": 48.01068878173828, "2": 98.28373718261719, "5": 219.9720001220703, "4": 643.212646484375, "6": 1024.1429443359375}