{"11": 111.2505874633789, "10": 219.9720001220703, "1": 48.01068878173828, "0": null, "3": 48.01068878173828, "2": 98.28373718261719, "5": 2296.549072265625, "4": 834.0781860351562, "7": null, "6": 2067.67333984375, "9": null, "8": 127.98406219482422}