{"11": 578.980712890625, "10": 48.01068878173828, "12": null, "1": 99.51375579833984, "0": null, "3": 304.60113525390625, "2": 304.60113525390625, "5": 304.60113525390625, "4": null, "7": null, "6": 2375.089111328125, "9": null, "8": 148.65284729003906}