{"11": 209.43568420410156, "10": 177.15106201171875, "13": 209.43568420410156, "12": 209.43568420410156, "15": 308.27587890625, "14": 209.43568420410156, "17": 370.3677978515625, "16": 772.80322265625, "19": 113.5618896484375, "18": 98.28373718261719, "1": null, "0": null, "3": 98.30352020263672, "2": 293.90643310546875, "5": 293.90643310546875, "4": null, "7": 332.0897216796875, "6": 98.30352020263672, "9": 683.385009765625, "8": 99.02826690673828}