{"11": 98.28373718261719, "10": 156.28823852539062, "12": 113.5618896484375, "1": 156.28823852539062, "0": null, "3": 99.51375579833984, "2": 293.90643310546875, "5": 332.0897216796875, "4": 164.402587890625, "7": 48.01068878173828, "6": 98.28373718261719, "9": 498.5155029296875, "8": 1362.646484375}