{"1": 99.05876922607422, "0": null, "3": 48.01068878173828, "2": 1947.43798828125, "5": 219.9720001220703, "4": 2323.126220703125, "7": 219.9720001220703, "6": null, "8": null}