{"1": 231.1779327392578, "0": null, "3": 2363.594482421875, "2": 2365.793701171875, "5": 2372.3779296875, "4": 2363.594482421875, "7": 175.0178985595703, "6": 907.0234375}