{"11": 231.1779327392578, "10": 48.01068878173828, "13": 113.5618896484375, "12": 364.56158447265625, "1": 231.1779327392578, "0": null, "3": 231.1779327392578, "2": 242.70042419433594, "5": 48.01068878173828, "4": 502.62774658203125, "7": null, "6": 424.5186767578125, "9": 234.38926696777344, "8": null}