{"24": null, "25": 98.28373718261719, "26": 113.5618896484375, "20": 406.02239990234375, "21": 370.3677978515625, "22": 156.28823852539062, "23": 222.0382080078125, "1": 308.27587890625, "0": null, "3": 376.3826599121094, "2": 118.71705627441406, "5": 509.55413818359375, "4": 829.596923828125, "7": null, "6": 475.32135009765625, "9": 283.1527099609375, "8": 183.2696533203125, "11": null, "10": 219.39256286621094, "13": 254.59349060058594, "12": 370.3677978515625, "15": 209.43568420410156, "14": 449.5901794433594, "17": 407.5303955078125, "16": 118.71705627441406, "19": 48.01068878173828, "18": null}