{"11": null, "10": 127.98406219482422, "13": 105.30901336669922, "12": 498.5155029296875, "1": 48.01068878173828, "0": null, "3": 48.01068878173828, "2": 98.28373718261719, "5": 1341.4468994140625, "4": 938.2905883789062, "7": 389.0091857910156, "6": 1341.4468994140625, "9": null, "8": 941.5079956054688}