{"10": null, "1": 48.01068878173828, "0": null, "3": 156.28823852539062, "2": 2369.854736328125, "5": 156.28823852539062, "4": 48.01068878173828, "7": null, "6": 219.39256286621094, "9": 127.98406219482422, "8": null}