{"24": 156.28823852539062, "25": 61.066280364990234, "26": 540.4584350585938, "27": null, "20": 156.28823852539062, "21": 156.28823852539062, "22": null, "23": null, "1": 99.51375579833984, "0": null, "3": 156.28823852539062, "2": 821.5732421875, "5": 238.01393127441406, "4": 99.51375579833984, "7": 156.28823852539062, "6": 462.584716796875, "9": 238.01393127441406, "8": 219.308837890625, "11": 156.28823852539062, "10": 462.584716796875, "13": 99.51375579833984, "12": 156.28823852539062, "15": 238.01393127441406, "14": 735.9520874023438, "17": 206.5341339111328, "16": 445.4525146484375, "19": 159.5336151123047, "18": 231.6208953857422}