{"1": 116.89507293701172, "0": null, "3": 733.3953857421875, "2": null, "5": 586.344970703125, "4": 161.01646423339844, "7": 97.94062805175781, "6": 424.53363037109375}