{"1": 221.4700164794922, "0": null, "3": 580.2642822265625, "2": 231.1779327392578, "5": 219.39256286621094, "4": 156.28823852539062, "7": 111.2505874633789, "6": null}