{"20": null, "21": 211.82850646972656, "1": 238.01393127441406, "0": null, "3": 97.67945861816406, "2": 265.1156005859375, "5": 211.7527618408203, "4": 289.4136657714844, "7": 211.7527618408203, "6": 1091.619873046875, "9": 99.51375579833984, "8": 1091.619873046875, "11": 198.6483154296875, "10": 272.3295593261719, "13": 156.28823852539062, "12": 116.89662170410156, "15": 116.89662170410156, "14": null, "17": null, "16": 156.28823852539062, "19": 2073.892822265625, "18": 1988.841796875}