{"20": 156.28823852539062, "21": null, "22": null, "1": 202.58026123046875, "0": null, "3": 156.28823852539062, "2": 186.0346221923828, "5": 920.3568115234375, "4": 338.2288818359375, "7": null, "6": 344.0721130371094, "9": 684.6716918945312, "8": 186.0346221923828, "11": 498.5155029296875, "10": null, "13": 99.09990692138672, "12": 48.01068878173828, "15": 98.28373718261719, "14": 231.1779327392578, "17": 496.64715576171875, "16": 99.05876922607422, "19": 427.0688781738281, "18": 498.5155029296875}