{"11": 251.27255249023438, "10": 156.28823852539062, "13": 111.2505874633789, "12": null, "1": 48.01068878173828, "0": null, "3": 457.7828674316406, "2": 274.1456298828125, "5": 330.4376220703125, "4": 156.28823852539062, "7": 48.01068878173828, "6": null, "9": 606.9034423828125, "8": 274.1456298828125}