{"11": 341.578857421875, "10": null, "13": 127.98406219482422, "12": null, "15": 99.51375579833984, "14": null, "17": 381.7315979003906, "16": 426.8349914550781, "1": 426.8349914550781, "0": null, "3": 161.01646423339844, "2": 110.06148529052734, "5": 99.51375579833984, "4": 473.9311218261719, "7": 391.5472412109375, "6": 99.51375579833984, "9": 391.7292785644531, "8": 97.94062805175781}