{"1": 426.8349914550781, "0": null, "3": 426.8349914550781, "2": 99.51375579833984, "4": null}