{"11": 293.90643310546875, "10": null, "13": 164.9205322265625, "12": 156.28823852539062, "15": null, "14": null, "1": null, "0": null, "3": 99.51375579833984, "2": 293.90643310546875, "5": 293.90643310546875, "4": null, "7": null, "6": 99.51375579833984, "9": 187.88853454589844, "8": 293.90643310546875}