{"11": 141.35902404785156, "1": 99.05876922607422, "13": 141.35902404785156, "12": 98.28373718261719, "20": null, "14": 699.7001953125, "17": 219.9720001220703, "16": null, "19": 219.9720001220703, "18": null, "15": 219.9720001220703, "0": null, "3": 141.35902404785156, "2": 98.28373718261719, "5": 141.35902404785156, "4": 98.28373718261719, "7": 219.9720001220703, "6": 2352.22216796875, "9": 219.9720001220703, "8": null, "10": 98.28373718261719}