{"1": 231.1779327392578, "0": null, "3": 231.1779327392578, "2": 50.03225326538086, "5": 113.5618896484375, "4": 231.1779327392578}