{"11": null, "10": null, "1": 118.337646484375, "0": null, "3": 104.86575317382812, "2": null, "5": null, "4": 99.51375579833984, "7": 99.51375579833984, "6": 126.29124450683594, "9": 126.29124450683594, "8": null}