{"1": 231.1779327392578, "0": null, "3": 173.21485900878906, "2": 363.9692687988281, "5": 111.2505874633789, "4": 111.2505874633789}