{"11": 48.01068878173828, "10": null, "13": 219.9720001220703, "12": 699.9288330078125, "15": 111.2505874633789, "14": null, "1": null, "0": null, "3": 111.6565933227539, "2": 97.82723999023438, "5": 438.5343322753906, "4": 112.75567626953125, "7": 164.52264404296875, "6": 99.05876922607422, "9": 172.90113830566406, "8": 112.75567626953125}