{"10": 324.8150634765625, "1": 120.79852294921875, "0": null, "3": 120.79852294921875, "2": 99.05876922607422, "5": 1799.98046875, "4": 99.05876922607422, "7": 333.8977355957031, "6": 498.5155029296875, "9": 362.9975280761719, "8": 498.5155029296875}