{"11": 498.5155029296875, "10": 1434.211181640625, "12": null, "1": 99.05876922607422, "0": null, "3": 465.5785827636719, "2": 217.0373077392578, "5": 465.5785827636719, "4": 217.0373077392578, "7": 498.5155029296875, "6": null, "9": 99.05876922607422, "8": 503.169189453125}