{"1": 99.05876922607422, "0": null, "3": 99.05876922607422, "2": 2388.81103515625, "5": 498.5155029296875, "4": 2332.8583984375, "7": 498.5155029296875, "6": null, "8": null}