{"24": null, "20": null, "21": 498.5155029296875, "22": null, "23": 498.5155029296875, "1": 99.05876922607422, "0": null, "3": 99.05876922607422, "2": 199.41964721679688, "5": 498.5155029296875, "4": 1131.5914306640625, "7": 99.05876922607422, "6": 329.69488525390625, "9": 498.5155029296875, "8": 2145.53564453125, "11": 99.05876922607422, "10": 132.68310546875, "13": 99.05876922607422, "12": 241.72633361816406, "15": 498.5155029296875, "14": 1234.8704833984375, "17": 99.05876922607422, "16": 98.28373718261719, "19": 498.5155029296875, "18": 1233.6263427734375}