{"11": 310.54046630859375, "10": 380.5983581542969, "13": 310.54046630859375, "12": 165.34910583496094, "15": 48.01068878173828, "14": 156.28823852539062, "16": 417.3435974121094, "1": 262.1042175292969, "0": null, "3": 390.66986083984375, "2": 156.06968688964844, "5": 365.8921203613281, "4": 220.4853515625, "7": 156.28823852539062, "6": 293.7965393066406, "9": 92.98703002929688, "8": null}