{"1": 537.67529296875, "0": null, "3": null, "2": 537.67529296875, "4": null}