{"1": 435.2791442871094, "0": null, "2": 156.93727111816406}