{"1": 219.39256286621094, "0": null, "3": 517.1678466796875, "2": 1004.6248168945312, "5": 516.1114501953125, "4": 97.52190399169922, "7": 156.28823852539062, "6": 517.1678466796875, "9": 111.2505874633789, "8": 111.2505874633789}