{"1": null, "0": null, "3": 112.75567626953125, "2": 1657.8524169921875, "5": 112.75567626953125, "4": 508.0823059082031, "7": 460.5089111328125, "6": null, "8": null}