{"1": 98.28373718261719, "0": null, "3": 2369.1015625, "2": 48.01068878173828, "5": 156.28823852539062, "4": 498.5155029296875, "6": null}