{"11": 174.5831756591797, "10": 234.38926696777344, "1": 231.1779327392578, "0": null, "3": 231.1779327392578, "2": 104.28986358642578, "5": null, "4": 448.67449951171875, "7": 195.77561950683594, "6": 722.4302978515625, "9": 158.91717529296875, "8": 2016.4927978515625}