{"1": 231.1779327392578, "0": null, "3": 717.3489990234375, "2": 48.01068878173828, "5": 565.4982299804688, "4": 48.01068878173828, "7": 111.2505874633789, "6": 520.72900390625}