{"1": 315.86285400390625, "0": null, "3": 818.2562255859375, "2": 161.17518615722656, "5": null, "4": 542.4408569335938, "6": null}