{"11": 313.9664306640625, "10": 233.71609497070312, "12": 305.44207763671875, "1": 111.2505874633789, "0": null, "3": 206.5341339111328, "2": 48.01068878173828, "5": 343.0930480957031, "4": 343.0930480957031, "7": 155.74749755859375, "6": 156.28823852539062, "9": null, "8": 356.3440246582031}