{"20": null, "21": 127.98406219482422, "22": 156.28823852539062, "23": null, "1": 98.28373718261719, "0": null, "3": 898.9537963867188, "2": 99.05876922607422, "5": 48.01068878173828, "4": 231.1779327392578, "7": 156.28823852539062, "6": 231.1779327392578, "9": 834.3156127929688, "8": 99.05876922607422, "11": 437.7798156738281, "10": 129.91795349121094, "13": 1145.6224365234375, "12": 48.01068878173828, "15": 48.01068878173828, "14": 48.01068878173828, "17": 1926.4288330078125, "16": 1093.825439453125, "19": 156.28823852539062, "18": 1132.542724609375}