{"11": 498.5155029296875, "10": 735.4745483398438, "13": 99.05876922607422, "12": 231.1779327392578, "15": 498.5155029296875, "14": 625.8084106445312, "16": null, "1": 99.05876922607422, "0": null, "3": 141.35902404785156, "2": 2006.47216796875, "5": 498.5155029296875, "4": 1262.6551513671875, "7": 141.35902404785156, "6": 896.4082641601562, "9": 498.5155029296875, "8": 1272.5279541015625}