{"11": 498.5155029296875, "1": 224.46234130859375, "13": 97.73753356933594, "12": 1104.79931640625, "20": 186.36541748046875, "14": 983.8134765625, "17": 344.0721130371094, "16": 97.36262512207031, "19": 809.8920288085938, "18": 360.8648681640625, "15": 98.98808288574219, "0": null, "3": 397.0187683105469, "2": 48.01068878173828, "5": 97.73753356933594, "4": 1461.7501220703125, "7": 97.73753356933594, "6": 98.28373718261719, "9": 498.5155029296875, "8": 495.4602355957031, "10": null}