{"11": 204.32080078125, "10": 99.51375579833984, "13": 204.32080078125, "12": 99.51375579833984, "15": 231.1779327392578, "14": null, "17": 113.5618896484375, "16": 2147.86669921875, "1": 231.1779327392578, "0": null, "3": 231.1779327392578, "2": 48.01068878173828, "5": 191.61383056640625, "4": 48.01068878173828, "7": 48.01068878173828, "6": 231.1779327392578, "9": 231.1779327392578, "8": 191.61383056640625}