{"1": 156.28823852539062, "0": null, "3": null, "2": 196.4564208984375, "5": 254.63768005371094, "4": 133.60340881347656, "6": 1429.840087890625}