{"11": 209.43568420410156, "10": 209.43568420410156, "13": 772.80322265625, "12": 308.27587890625, "15": 98.28373718261719, "14": 370.3677978515625, "16": 113.5618896484375, "1": null, "0": null, "3": 98.30352020263672, "2": 293.90643310546875, "5": 293.90643310546875, "4": null, "7": 683.385009765625, "6": 99.02826690673828, "9": 209.43568420410156, "8": 195.833251953125}