{"11": 99.05876922607422, "10": 98.28373718261719, "13": 498.5155029296875, "12": 943.0120849609375, "15": 498.5155029296875, "14": null, "16": null, "1": 99.05876922607422, "0": null, "3": 99.05876922607422, "2": 98.28373718261719, "5": 498.5155029296875, "4": 941.7723999023438, "7": 498.5155029296875, "6": null, "9": 99.05876922607422, "8": 231.1779327392578}