{"1": 220.2556610107422, "0": null, "2": 1360.9949951171875}