{"10": 113.5618896484375, "1": 564.7573852539062, "0": null, "3": 161.01646423339844, "2": 98.28373718261719, "5": 156.28823852539062, "4": 918.2139892578125, "7": 498.5155029296875, "6": null, "9": 381.7315979003906, "8": 156.28823852539062}