{"11": 219.9720001220703, "10": null, "12": null, "1": 99.05876922607422, "0": null, "3": 48.01068878173828, "2": 1947.43798828125, "5": 99.05876922607422, "4": 198.84173583984375, "7": 219.9720001220703, "6": 751.7952270507812, "9": 219.9720001220703, "8": 261.3374938964844}