{"24": 349.2142333984375, "25": 99.51375579833984, "26": 498.1036682128906, "27": 231.1779327392578, "20": null, "21": 231.1779327392578, "22": 225.93731689453125, "23": 231.4198455810547, "28": 461.8074035644531, "29": 113.5618896484375, "1": 396.1421813964844, "0": null, "3": 161.01646423339844, "2": 231.1779327392578, "5": 308.27587890625, "4": 98.30352020263672, "7": 231.1779327392578, "6": 426.7564697265625, "9": 118.71705627441406, "8": 1770.3162841796875, "11": 231.1779327392578, "10": 360.5436706542969, "13": null, "12": 1945.8843994140625, "15": 367.9544372558594, "14": 231.1779327392578, "17": 231.1779327392578, "16": null, "19": 231.1779327392578, "18": null}