{"11": 219.39256286621094, "10": 354.127685546875, "13": null, "12": 219.39256286621094, "14": 111.2505874633789, "1": 231.1779327392578, "0": null, "3": 354.127685546875, "2": null, "5": 402.5664367675781, "4": 219.39256286621094, "7": 239.07774353027344, "6": 239.07774353027344, "9": 159.99545288085938, "8": null}