{"20": 113.5618896484375, "21": 551.2633666992188, "22": 113.5618896484375, "1": null, "0": null, "3": null, "2": 156.28823852539062, "5": 156.28823852539062, "4": 156.28823852539062, "7": 156.28823852539062, "6": 295.3138732910156, "9": 118.71705627441406, "8": 740.05908203125, "11": 156.28823852539062, "10": 347.1433410644531, "13": 156.28823852539062, "12": 156.28823852539062, "15": 504.5693664550781, "14": 156.28823852539062, "17": 555.7478637695312, "16": 504.5693664550781, "19": 156.28823852539062, "18": 504.5693664550781}