{"1": 99.05876922607422, "0": null, "3": 99.05876922607422, "2": 98.28373718261719, "5": 219.9720001220703, "4": 2384.50537109375, "7": 219.9720001220703, "6": null, "8": null}