{"11": 124.51136016845703, "10": 551.4959716796875, "13": 156.28823852539062, "12": 156.28823852539062, "15": 366.1853942871094, "14": 236.52090454101562, "16": null, "1": 61.87153625488281, "0": null, "3": null, "2": 156.28823852539062, "5": 155.9663848876953, "4": 293.90643310546875, "7": 156.28823852539062, "6": 366.1853942871094, "9": 366.1853942871094, "8": 366.1853942871094}