{"1": 191.0604705810547, "0": null, "3": 283.2260437011719, "2": 231.1779327392578, "4": 175.0178985595703}