{"11": 99.19871520996094, "1": 224.46234130859375, "13": 509.28936767578125, "12": null, "20": 139.67453002929688, "14": 48.01068878173828, "17": 498.5155029296875, "16": null, "19": 344.0721130371094, "18": null, "15": 371.609619140625, "0": null, "3": 310.54046630859375, "2": 48.01068878173828, "5": 147.7900390625, "4": 168.9334259033203, "7": 98.98808288574219, "6": 99.00846862792969, "9": 48.01068878173828, "8": 98.28373718261719, "10": 297.3374328613281}