{"1": 231.1779327392578, "0": null, "3": 191.61383056640625, "2": 269.4546813964844, "5": 231.1779327392578, "4": 217.96713256835938, "6": 113.5618896484375}