{"1": 48.01068878173828, "0": null, "3": 832.5912475585938, "2": 259.8905944824219, "4": null}