{"1": 501.38134765625, "0": null, "3": 438.7187194824219, "2": null, "5": 411.3902893066406, "4": 1164.712646484375, "7": 696.3341674804688, "6": 493.25506591796875, "8": 113.5618896484375}