{"11": 583.1713256835938, "10": null, "13": 98.28373718261719, "12": 583.1713256835938, "14": 113.5618896484375, "1": 231.1779327392578, "0": null, "3": 447.6317138671875, "2": 99.02826690673828, "5": 236.85260009765625, "4": 98.30352020263672, "7": 98.30352020263672, "6": 427.7921447753906, "9": 156.28823852539062, "8": 131.77528381347656}