{"11": 127.98406219482422, "10": 248.97256469726562, "13": 48.01068878173828, "12": 812.0787963867188, "15": 501.38134765625, "14": 345.3044128417969, "16": 113.5618896484375, "1": 326.25140380859375, "0": null, "3": 398.5359802246094, "2": 98.28373718261719, "5": 345.3044128417969, "4": 48.01068878173828, "7": 48.01068878173828, "6": 202.00621032714844, "9": 345.3044128417969, "8": 398.5359802246094}