{"1": 165.36244201660156, "0": null, "3": 165.36244201660156, "2": 113.5618896484375, "5": 728.2169799804688, "4": 1542.3896484375, "6": null}