{"11": null, "1": null, "13": 165.36244201660156, "12": 1094.07763671875, "20": 113.5618896484375, "14": 48.01068878173828, "17": 745.5108032226562, "16": 231.1779327392578, "19": 560.5820922851562, "18": 2009.734375, "15": 694.71923828125, "0": null, "3": 48.01068878173828, "2": 293.90643310546875, "5": 293.90643310546875, "4": null, "7": 219.39256286621094, "6": 1113.1380615234375, "9": null, "8": 361.51531982421875, "10": 293.90643310546875}