{"20": 219.39256286621094, "21": null, "22": 761.671630859375, "23": null, "1": 165.36244201660156, "0": null, "3": 165.36244201660156, "2": 328.23541259765625, "5": 191.0604705810547, "4": 1405.064453125, "7": 216.6798858642578, "6": 156.28823852539062, "9": null, "8": null, "11": 156.28823852539062, "10": 48.01068878173828, "13": null, "12": 219.39256286621094, "15": 191.0604705810547, "14": null, "17": 216.6798858642578, "16": 156.28823852539062, "19": 660.96044921875, "18": null}