{"3": [[4, 1.0]], "4": [[6, 0.625], [7, 0.363375], [8, 0.011625]], "8": [], "2": [], "7": []}