{"1": 231.1779327392578, "0": null, "3": 231.1779327392578, "2": 99.64222717285156, "5": 156.93727111816406, "4": 231.1779327392578}