{"11": 246.0979766845703, "10": 98.28373718261719, "13": 498.5155029296875, "12": 2361.328125, "15": 498.5155029296875, "14": null, "16": 1396.455322265625, "1": 154.12796020507812, "0": null, "3": 498.5155029296875, "2": 1211.04345703125, "5": 99.05876922607422, "4": 98.28373718261719, "7": 498.5155029296875, "6": 2366.97314453125, "9": 99.05876922607422, "8": 231.1779327392578}