{"1": 99.05876922607422, "0": null, "3": 435.2791442871094, "2": 1722.3717041015625, "5": 1886.470703125, "4": 993.3834228515625, "7": 435.2791442871094, "6": 343.0930480957031, "9": 285.7420959472656, "8": 706.61328125}