{"11": 48.01068878173828, "10": 255.5712127685547, "13": 735.2098999023438, "12": 231.1779327392578, "1": 195.77561950683594, "0": null, "3": 93.97075653076172, "2": 2016.4927978515625, "5": 255.5712127685547, "4": 98.28373718261719, "7": 231.1779327392578, "6": 48.01068878173828, "9": 231.1779327392578, "8": 93.97075653076172}