{"1": 874.4886474609375, "0": null, "2": 1212.470458984375}