{"11": 1148.8563232421875, "10": 99.05876922607422, "13": 204.32080078125, "12": 498.5155029296875, "15": null, "14": 525.3197631835938, "17": null, "16": null, "18": null, "1": 210.29159545898438, "0": null, "3": 204.32080078125, "2": 204.32080078125, "5": 99.51375579833984, "4": null, "7": 187.88853454589844, "6": 99.51375579833984, "9": 689.234375, "8": null}