{"10": null, "1": 99.51375579833984, "0": null, "3": 435.2791442871094, "2": 591.1240844726562, "5": 382.0030822753906, "4": 505.7446594238281, "7": 209.43568420410156, "6": 409.6149597167969, "9": null, "8": 417.69854736328125}