{"1": 2333.936279296875, "0": null, "2": 1125.80859375}