{"1": 165.36244201660156, "0": null, "3": null, "2": 2373.869384765625}