{"24": 530.9715576171875, "25": 96.60108184814453, "26": 571.4788208007812, "27": 96.60108184814453, "20": 530.9715576171875, "21": 96.60108184814453, "22": 530.9715576171875, "23": 96.60108184814453, "28": 530.9715576171875, "29": null, "1": 151.85264587402344, "0": null, "3": 531.4125366210938, "2": 488.21630859375, "5": 488.21630859375, "4": 156.28823852539062, "7": 118.71705627441406, "6": 740.4942626953125, "9": 118.71705627441406, "8": 740.4942626953125, "11": 156.28823852539062, "10": 531.4125366210938, "13": 131.9255828857422, "12": 534.1319580078125, "15": 505.85687255859375, "14": 440.41424560546875, "17": 505.85687255859375, "16": 505.85687255859375, "19": 96.60108184814453, "18": 708.9258422851562}