{"1": 48.01068878173828, "0": null, "3": 48.01068878173828, "2": 827.9305419921875, "5": 498.5155029296875, "4": 402.7491455078125, "7": 1294.6021728515625, "6": null, "8": 279.5159606933594}