{"1": 231.1779327392578, "0": null, "3": null, "2": 818.5567016601562, "5": 156.28823852539062, "4": null, "7": 113.5618896484375, "6": 945.1851806640625}