{"1": [[7, 1.0]], "2": [[6, 0.375], [5, 0.234375], [5, 0.390625]], "5": [[6, 1.0]], "6": [[7, 1.0]], "7": []}