{"1": 99.05876922607422, "0": null, "3": 231.1779327392578, "2": 570.943115234375, "5": 498.5155029296875, "4": null, "7": 113.5618896484375, "6": 765.9580688476562}