{"1": 161.01646423339844, "0": null, "3": 99.05876922607422, "2": 2290.361572265625, "5": 219.9720001220703, "4": 1245.2294921875, "7": 219.9720001220703, "6": 127.98406219482422, "8": null}