{"11": 2379.298583984375, "10": 2379.298583984375, "13": 2379.298583984375, "12": 2379.298583984375, "15": 156.28823852539062, "14": 2379.298583984375, "17": null, "16": 826.6676025390625, "1": 165.36244201660156, "0": null, "3": 48.01068878173828, "2": 113.5618896484375, "5": 359.4571838378906, "4": 2386.88134765625, "7": 307.3526916503906, "6": 48.01068878173828, "9": 2379.298583984375, "8": 2379.298583984375}