{"1": 231.1779327392578, "0": null, "3": 156.93727111816406, "2": 237.22735595703125}