{"1": 121.40953063964844, "0": null, "3": 124.51136016845703, "2": 2352.31298828125, "5": 124.51136016845703, "4": 826.6676025390625, "6": null}