{"10": null, "1": 118.337646484375, "0": null, "3": 99.51375579833984, "2": null, "5": 160.14048767089844, "4": 118.337646484375, "7": 97.94062805175781, "6": 106.80059814453125, "9": null, "8": 152.07363891601562}