{"24": 113.5618896484375, "20": 231.4198455810547, "21": 285.11004638671875, "22": 156.28823852539062, "23": 462.1744689941406, "1": 454.0401611328125, "0": null, "3": 363.32183837890625, "2": 118.71705627441406, "5": 118.71705627441406, "4": 231.4198455810547, "7": 217.2290496826172, "6": 238.01393127441406, "9": 951.1873168945312, "8": 695.3245849609375, "11": 161.01646423339844, "10": 844.4063720703125, "13": 380.6099548339844, "12": 174.03611755371094, "15": 231.1779327392578, "14": 405.8476867675781, "17": 313.04730224609375, "16": 156.28823852539062, "19": 225.93731689453125, "18": 231.1779327392578}