{"1": 347.21551513671875, "0": null, "2": 30.007652282714844}