{"1": 156.28823852539062, "0": null, "3": 231.1779327392578, "2": 290.99664306640625, "5": 290.99664306640625, "4": 156.28823852539062, "7": 156.28823852539062, "6": 231.1779327392578, "9": 541.3257446289062, "8": 231.1779327392578}