{"1": null, "0": null, "3": 304.60113525390625, "2": 233.9675750732422, "5": 304.60113525390625, "4": 439.4972229003906, "7": 270.8605651855469, "6": 156.28823852539062, "9": 633.6294555664062, "8": 304.60113525390625}