{"11": null, "10": 99.51375579833984, "13": 113.5618896484375, "12": null, "1": 231.1779327392578, "0": null, "3": 231.1779327392578, "2": 173.5187530517578, "5": 231.1779327392578, "4": 156.50157165527344, "7": null, "6": 99.51375579833984, "9": null, "8": 99.51375579833984}