{"11": 368.00921630859375, "10": 191.61383056640625, "12": 1414.5552978515625, "1": 161.01646423339844, "0": null, "3": null, "2": 48.01068878173828, "5": 48.01068878173828, "4": null, "7": 498.5155029296875, "6": 540.4754638671875, "9": 498.5155029296875, "8": null}