{"1": 161.01646423339844, "0": null, "3": 424.53363037109375, "2": null, "4": null}