{"24": 497.9708251953125, "20": 171.17025756835938, "21": 813.6631469726562, "22": 185.9125518798828, "23": 127.98406219482422, "1": 215.53829956054688, "0": null, "3": 98.28373718261719, "2": 215.53829956054688, "5": 1728.7847900390625, "4": 161.01646423339844, "7": 182.68338012695312, "6": 112.78191375732422, "9": null, "8": 112.78191375732422, "11": 112.78191375732422, "10": 48.01068878173828, "13": 112.78191375732422, "12": 182.68338012695312, "15": 48.01068878173828, "14": null, "17": null, "16": 168.92556762695312, "19": null, "18": 332.3876037597656}