{"11": 127.98406219482422, "10": 2349.315185546875, "12": 97.94062805175781, "1": 99.51375579833984, "0": null, "3": 161.01646423339844, "2": 110.06148529052734, "5": 219.9720001220703, "4": 185.9125518798828, "7": 261.24835205078125, "6": 182.3398895263672, "9": 161.01646423339844, "8": 98.28373718261719}