{"1": 289.7283020019531, "0": null, "3": 263.082763671875, "2": 289.7283020019531, "5": 231.1779327392578, "4": 231.1779327392578, "6": 113.5618896484375}