{"1": 211.3170623779297, "0": null, "3": 265.00958251953125, "2": 458.7241516113281, "5": 2027.59228515625, "4": 231.1779327392578, "7": 111.32911682128906, "6": 740.7033081054688}