{"24": null, "25": null, "26": null, "27": 535.05322265625, "20": 286.4187316894531, "21": 660.96044921875, "22": 219.39256286621094, "23": null, "28": null, "1": 48.01068878173828, "0": null, "3": 97.52190399169922, "2": 97.52190399169922, "5": 515.9121704101562, "4": null, "7": 386.68231201171875, "6": null, "9": 501.04876708984375, "8": 61.87153625488281, "11": 660.96044921875, "10": 286.4187316894531, "13": null, "12": 219.39256286621094, "15": null, "14": null, "17": 386.68231201171875, "16": 204.8671875, "19": 501.04876708984375, "18": 61.87153625488281}