{"1": 156.28823852539062, "0": null, "3": null, "2": 1063.4112548828125}