{"11": 219.9720001220703, "10": 552.1693115234375, "12": null, "1": 99.05876922607422, "0": null, "3": 99.05876922607422, "2": 463.0545654296875, "5": 48.01068878173828, "4": 2375.55224609375, "7": 219.9720001220703, "6": 1549.434814453125, "9": 219.9720001220703, "8": null}