{"20": 127.98406219482422, "21": 1036.2978515625, "1": null, "0": null, "3": 199.4480743408203, "2": 98.28373718261719, "5": 380.4030456542969, "4": 498.5155029296875, "7": 217.96713256835938, "6": 231.1779327392578, "9": 99.05876922607422, "8": 1879.8809814453125, "11": 48.01068878173828, "10": 99.05876922607422, "13": 1267.5689697265625, "12": 160.5876922607422, "15": null, "14": 916.4774780273438, "17": null, "16": 2321.655517578125, "19": null, "18": 444.2453918457031}