{"1": 348.8048095703125, "0": null, "2": 168.81675720214844}