{"1": 48.01068878173828, "0": null, "3": 518.552490234375, "2": 152.9141845703125, "5": null, "4": 653.3078002929688, "7": null, "6": 127.98406219482422}