{"1": 156.28823852539062, "0": null, "3": 169.69056701660156, "2": 293.90643310546875, "5": 99.51375579833984, "4": 290.4588317871094, "7": 209.43568420410156, "6": null, "9": 1614.88427734375, "8": 199.28875732421875}