{"20": 48.01068878173828, "21": 2152.5283203125, "22": 217.96713256835938, "23": 113.5618896484375, "1": 231.1779327392578, "0": null, "3": 48.01068878173828, "2": 98.28373718261719, "5": 520.5988159179688, "4": 482.79107666015625, "7": 1718.575927734375, "6": 231.1779327392578, "9": 231.1779327392578, "8": 384.7590026855469, "11": 156.28823852539062, "10": 156.28823852539062, "13": 756.1527709960938, "12": 48.01068878173828, "15": 231.1779327392578, "14": 461.5010986328125, "17": 156.28823852539062, "16": null, "19": 127.98406219482422, "18": null}