{"1": 194.82510375976562, "0": null, "3": 498.5155029296875, "2": 212.47610473632812, "4": 30.007652282714844}