{"11": null, "10": 156.28823852539062, "12": null, "1": 98.28373718261719, "0": null, "3": 1319.465087890625, "2": 99.05876922607422, "5": 156.28823852539062, "4": 127.98406219482422, "7": 99.05876922607422, "6": 98.28373718261719, "9": 498.5155029296875, "8": 1742.479248046875}