{"1": 512.0372924804688, "0": null, "3": 554.7034301757812, "2": 156.28823852539062, "4": null}