{"11": 344.9325866699219, "10": 238.4849395751953, "13": 127.98406219482422, "12": 111.56810760498047, "14": 156.28823852539062, "1": 313.9664306640625, "0": null, "3": 97.95117950439453, "2": 144.35475158691406, "5": 111.56810760498047, "4": 2363.554931640625, "7": null, "6": 498.5155029296875, "9": 144.35475158691406, "8": 202.58026123046875}