{"11": 351.46649169921875, "10": 98.98808288574219, "1": 98.28373718261719, "0": null, "3": 712.1641845703125, "2": 48.01068878173828, "5": 48.01068878173828, "4": 711.2758178710938, "7": 875.5592651367188, "6": 746.636962890625, "9": 344.0721130371094, "8": 498.5155029296875}