{"11": null, "10": 231.1779327392578, "13": 127.98406219482422, "12": 216.44125366210938, "15": null, "14": 156.28823852539062, "1": 98.28373718261719, "0": null, "3": 1159.252197265625, "2": 48.01068878173828, "5": 1272.0982666015625, "4": 456.18939208984375, "7": 123.45777893066406, "6": 231.1779327392578, "9": 1272.0982666015625, "8": 342.0706787109375}