{"1": [[4, 0.031], [3, 0.969]], "3": [[1, 1.0]], "4": [[5, 1.0]], "5": [[6, 0.941], [26, 0.059]], "6": [[7, 1.0]], "7": [[8, 0.969], [24, 0.031]], "8": [[9, 1.0]], "9": [[10, 0.969], [21, 0.0009609999999999999], [23, 0.030039]], "10": [[11, 1.0]], "11": [[12, 0.969], [19, 0.031]], "12": [[13, 1.0]], "13": [[14, 0.969], [17, 0.031]], "14": [[15, 1.0]], "15": [[13, 1.0]], "17": [[11, 1.0]], "19": [[9, 1.0]], "21": [[27, 1.0]], "23": [[7, 1.0]], "24": [[25, 1.0]], "25": [[5, 1.0]], "26": [[27, 1.0]], "27": []}