{"20": 216.55345153808594, "21": 113.5618896484375, "1": 191.61383056640625, "0": null, "3": 191.61383056640625, "2": 191.61383056640625, "5": 191.61383056640625, "4": 191.61383056640625, "7": 191.61383056640625, "6": 191.61383056640625, "9": 231.1779327392578, "8": 191.61383056640625, "11": 231.1779327392578, "10": 48.01068878173828, "13": 217.96713256835938, "12": 483.2666015625, "15": null, "14": 730.7196655273438, "17": null, "16": 48.01068878173828, "19": 220.1844024658203, "18": 485.6775207519531}