{"1": 212.16360473632812, "0": null, "3": 211.2400360107422, "2": 99.05876922607422, "5": 598.8547973632812, "4": 219.9720001220703, "7": 111.2505874633789, "6": 314.02630615234375}