{"11": 48.01068878173828, "10": 99.51375579833984, "13": 48.01068878173828, "12": 213.456787109375, "15": 156.28823852539062, "14": 209.43568420410156, "17": 416.05926513671875, "16": 99.51375579833984, "19": null, "18": 435.2791442871094, "1": 213.456787109375, "0": null, "3": 209.43568420410156, "2": 48.01068878173828, "5": 48.01068878173828, "4": 48.01068878173828, "7": 48.01068878173828, "6": 213.456787109375, "9": 156.28823852539062, "8": 209.43568420410156}