{"1": 265.1156005859375, "0": null, "3": 1562.682861328125, "2": 464.2433166503906, "5": 2395.147705078125, "4": 231.1779327392578, "6": null}