{"10": null, "1": 99.05876922607422, "0": null, "3": 99.05876922607422, "2": 98.28373718261719, "5": 772.87939453125, "4": 236.94009399414062, "7": 498.5155029296875, "6": null, "9": 498.5155029296875, "8": 118.86835479736328}