{"24": 100.74032592773438, "25": 219.9720001220703, "26": 396.38946533203125, "27": 381.427734375, "20": null, "21": 332.01153564453125, "22": null, "23": 219.9720001220703, "28": null, "29": 113.5618896484375, "1": 161.01646423339844, "0": null, "3": 219.9720001220703, "2": null, "5": 161.01646423339844, "4": 143.8448944091797, "7": 161.01646423339844, "6": 143.8448944091797, "9": 161.01646423339844, "8": 198.84173583984375, "11": 161.01646423339844, "10": 1068.015380859375, "13": 161.01646423339844, "12": 1344.3641357421875, "15": 219.9720001220703, "14": 528.3677978515625, "17": 219.9720001220703, "16": null, "19": 219.9720001220703, "18": null}