{"24": null, "25": 219.9720001220703, "26": 97.94062805175781, "27": null, "20": 98.28373718261719, "21": 48.01068878173828, "22": 414.5335998535156, "23": null, "28": 687.5090942382812, "29": 97.94062805175781, "1": null, "0": null, "3": 48.01068878173828, "2": 1468.6988525390625, "5": 453.5209045410156, "4": 168.92556762695312, "7": 566.1356811523438, "6": 447.3915100097656, "9": 219.9720001220703, "8": null, "11": 118.337646484375, "10": 360.2814025878906, "13": 700.0379028320312, "12": null, "15": 2241.12548828125, "14": 161.01646423339844, "17": 182.68338012695312, "16": 112.78191375732422, "19": 951.1456909179688, "18": null}