{"11": 1574.6494140625, "10": 1574.6494140625, "13": 1574.6494140625, "12": 1574.6494140625, "15": 156.28823852539062, "14": 1574.6494140625, "17": null, "16": 826.6676025390625, "1": 165.36244201660156, "0": null, "3": 48.01068878173828, "2": 113.5618896484375, "5": 359.4571838378906, "4": 2369.4072265625, "7": 307.3526916503906, "6": 48.01068878173828, "9": 1574.6494140625, "8": 1574.6494140625}