{"1": [[29, 1.0]], "2": [[7, 0.375], [3, 0.625]], "3": [[7, 0.375], [4, 0.625]], "4": [[7, 0.5], [5, 0.5]], "5": [[7, 0.375], [6, 0.625]], "6": [[7, 0.5], [8, 0.5]], "7": [[29, 1.0]], "8": [[9, 0.375], [10, 0.625]], "9": [[10, 1.0]], "10": [[11, 0.375], [12, 0.625]], "11": [[12, 1.0]], "12": [[13, 0.375], [15, 0.234375], [19, 0.146484375], [17, 0.244140625]], "13": [[15, 0.375], [19, 0.234375], [17, 0.390625]], "15": [[29, 1.0]], "17": [[19, 0.375], [18, 0.625]], "18": [[19, 0.941], [28, 0.059]], "19": [[21, 0.375], [21, 0.625]], "21": [[23, 0.375], [23, 0.625]], "23": [[25, 0.375], [25, 0.625]], "25": [[27, 0.375], [27, 0.625]], "27": [[29, 1.0]], "28": [[29, 1.0]], "29": []}