{"11": 498.5155029296875, "10": null, "12": null, "1": 99.05876922607422, "0": null, "3": 99.05876922607422, "2": 98.28373718261719, "5": 99.05876922607422, "4": 98.28373718261719, "7": 498.5155029296875, "6": 1668.986572265625, "9": 498.5155029296875, "8": null}