{"1": 411.3902893066406, "0": null, "3": 229.6695556640625, "2": 231.1779327392578, "5": 204.32080078125, "4": 157.77540588378906, "7": 967.8436889648438, "6": 204.32080078125, "9": 113.5618896484375, "8": 98.28373718261719}