{"1": 198.84173583984375, "0": null, "3": 1066.236572265625, "2": 99.05876922607422, "5": 313.7668762207031, "4": 498.5155029296875, "6": 324.8150634765625}