{"1": 48.01068878173828, "0": null, "3": null, "2": 581.3361206054688, "5": 686.5726318359375, "4": 174.74945068359375, "6": 113.5618896484375}