{"1": [[2, 0.958], [4, 0.040236], [6, 0.0017640000000000002]], "2": [[4, 0.958], [6, 0.042]], "4": [[5, 1.0]], "5": [[1, 1.0]], "6": []}