{"24": null, "20": null, "21": 498.5155029296875, "22": null, "23": 498.5155029296875, "1": 164.9205322265625, "0": null, "3": 164.9205322265625, "2": 98.28373718261719, "5": 164.9205322265625, "4": 98.28373718261719, "7": 213.456787109375, "6": 99.02826690673828, "9": 519.49365234375, "8": 616.692138671875, "11": 154.12796020507812, "10": 198.84173583984375, "13": null, "12": 603.1627807617188, "15": 393.0721435546875, "14": 2372.52490234375, "17": 498.5155029296875, "16": null, "19": 535.05322265625, "18": 156.28823852539062}