{"11": null, "10": 127.98406219482422, "13": null, "12": 498.5155029296875, "15": null, "14": 498.5155029296875, "1": 99.05876922607422, "0": null, "3": 99.05876922607422, "2": 98.28373718261719, "5": 99.05876922607422, "4": 98.28373718261719, "7": 794.0664672851562, "6": 828.5161743164062, "9": null, "8": 1005.416259765625}