{"11": 156.28823852539062, "10": 236.52090454101562, "13": 2378.064697265625, "12": null, "15": 156.28823852539062, "14": 236.52090454101562, "17": 393.945068359375, "16": null, "19": null, "18": 301.45147705078125, "1": 61.87153625488281, "0": null, "3": null, "2": 832.6405029296875, "5": 236.52090454101562, "4": 2373.38037109375, "7": 48.01068878173828, "6": 156.28823852539062, "9": 2378.020263671875, "8": null}