{"1": 164.9205322265625, "0": null, "3": 231.1779327392578, "2": 220.40219116210938, "5": 231.1779327392578, "4": 1499.8836669921875, "6": 113.5618896484375}