{"10": null, "1": null, "0": null, "3": null, "2": 206.5341339111328, "5": null, "4": 99.51375579833984, "7": null, "6": 160.5876922607422, "9": 112.75567626953125, "8": 569.3307495117188}