{"24": null, "20": 1157.0716552734375, "21": 187.0685577392578, "22": 627.2482299804688, "23": 97.94062805175781, "1": null, "0": null, "3": 118.337646484375, "2": 99.51375579833984, "5": 118.337646484375, "4": 99.51375579833984, "7": 99.51375579833984, "6": 266.2920227050781, "9": null, "8": 225.7837677001953, "11": null, "10": null, "13": 118.337646484375, "12": null, "15": null, "14": null, "17": null, "16": null, "19": 99.51375579833984, "18": 97.94062805175781}