{"11": null, "10": 127.98406219482422, "13": 48.01068878173828, "12": 127.98406219482422, "15": 97.26276397705078, "14": 368.00921630859375, "17": null, "16": null, "1": 517.1678466796875, "0": null, "3": 143.8448944091797, "2": 517.1678466796875, "5": 191.61383056640625, "4": 48.01068878173828, "7": null, "6": null, "9": 502.9989013671875, "8": 48.01068878173828}