{"1": 61.066280364990234, "0": null, "3": null, "2": 424.5186767578125, "5": 231.1779327392578, "4": 403.8387451171875, "7": 340.4682922363281, "6": null, "9": 113.5618896484375, "8": 930.3014526367188}