{"1": 110.06148529052734, "0": null, "3": 110.06148529052734, "2": 48.01068878173828, "5": 1220.5408935546875, "4": 48.01068878173828, "7": 113.5618896484375, "6": 382.40521240234375}