{"11": 219.9720001220703, "10": null, "12": null, "1": 48.01068878173828, "0": null, "3": 219.9720001220703, "2": 185.9125518798828, "5": 161.01646423339844, "4": null, "7": 48.01068878173828, "6": 98.28373718261719, "9": 219.9720001220703, "8": 205.72398376464844}