{"1": null, "0": null, "3": 118.337646484375, "2": 99.51375579833984, "5": null, "4": 118.337646484375, "7": null, "6": null}