{"11": null, "10": 99.51375579833984, "13": null, "12": 126.29124450683594, "14": 204.58465576171875, "1": 99.51375579833984, "0": null, "3": null, "2": 192.63514709472656, "5": 312.9570007324219, "4": 97.94062805175781, "7": 99.51375579833984, "6": null, "9": 126.29124450683594, "8": null}