{"24": 48.01068878173828, "25": 113.5618896484375, "20": 97.94062805175781, "21": 820.3849487304688, "22": 127.98406219482422, "23": 97.94062805175781, "1": 354.6342468261719, "0": null, "3": 771.8634033203125, "2": 99.05876922607422, "5": 97.94062805175781, "4": 219.9720001220703, "7": 314.4955139160156, "6": 99.19871520996094, "9": 198.84173583984375, "8": null, "11": 549.8861083984375, "10": 99.05876922607422, "13": null, "12": 219.9720001220703, "15": 99.05876922607422, "14": 198.84173583984375, "17": 468.0823059082031, "16": 99.51375579833984, "19": null, "18": 112.75567626953125}