{"11": 156.28823852539062, "10": 381.7315979003906, "13": null, "12": 156.28823852539062, "1": 443.4524230957031, "0": null, "3": null, "2": 156.28823852539062, "5": 124.51136016845703, "4": null, "7": 305.45074462890625, "6": 305.2053527832031, "9": 156.28823852539062, "8": 99.43278503417969}