{"20": 418.81689453125, "21": 156.28823852539062, "22": 113.5618896484375, "1": 310.54046630859375, "0": null, "3": 101.15034484863281, "2": 47.80022430419922, "5": 156.28823852539062, "4": 310.54046630859375, "7": 178.25045776367188, "6": 48.01068878173828, "9": 48.01068878173828, "8": 474.98138427734375, "11": 474.98138427734375, "10": 178.25045776367188, "13": 474.98138427734375, "12": 99.51375579833984, "15": 48.01068878173828, "14": 146.3036651611328, "17": null, "16": 231.1779327392578, "19": null, "18": 99.05876922607422}