{"10": 113.5618896484375, "1": 156.28823852539062, "0": null, "3": 156.28823852539062, "2": 156.28823852539062, "5": 454.6400451660156, "4": 156.28823852539062, "7": 156.28823852539062, "6": 231.1779327392578, "9": 362.9975280761719, "8": 454.6400451660156}