{"11": 959.5515747070312, "10": 344.0721130371094, "12": 24.560157775878906, "1": 224.46234130859375, "0": null, "3": 322.4111328125, "2": 24.560157775878906, "5": 48.01068878173828, "4": 192.44949340820312, "7": 98.28373718261719, "6": 156.28823852539062, "9": 951.40283203125, "8": 98.98808288574219}