{"1": 231.1779327392578, "0": null, "3": 366.4334716796875, "2": 456.9971008300781, "5": 111.2505874633789, "4": 391.61474609375}