{"1": null, "0": null, "3": 99.51375579833984, "2": 293.90643310546875, "5": 293.90643310546875, "4": null, "7": 156.28823852539062, "6": 1491.9671630859375, "9": 2351.851318359375, "8": 293.90643310546875}