{"11": 119.50780487060547, "10": 1086.3885498046875, "13": 206.5341339111328, "12": 225.58462524414062, "15": 1086.3885498046875, "14": 435.2791442871094, "17": null, "16": null, "1": 1005.3853149414062, "0": null, "3": 1005.3853149414062, "2": 156.28823852539062, "5": 156.28823852539062, "4": 156.28823852539062, "7": 238.01393127441406, "6": 119.50780487060547, "9": 435.2791442871094, "8": 206.5341339111328}