{"1": 2017.3642578125, "0": null, "3": 258.75262451171875, "2": 47.80022430419922, "4": null}