{"20": 98.28373718261719, "21": 113.5618896484375, "1": 487.38983154296875, "0": null, "3": 159.79710388183594, "2": 98.30352020263672, "5": 1668.24560546875, "4": 492.7341613769531, "7": 161.01646423339844, "6": 1221.1478271484375, "9": 231.1779327392578, "8": 408.7871398925781, "11": 161.01646423339844, "10": 156.28823852539062, "13": 231.1779327392578, "12": 408.7871398925781, "15": 156.28823852539062, "14": 156.28823852539062, "17": null, "16": 161.01646423339844, "19": 233.84837341308594, "18": 231.1779327392578}