{"20": 154.1780242919922, "21": 110.06148529052734, "22": null, "23": 113.5618896484375, "1": 48.01068878173828, "0": null, "3": 48.01068878173828, "2": 110.06148529052734, "5": 110.06148529052734, "4": 112.78191375732422, "7": 215.4940185546875, "6": 213.70193481445312, "9": 212.38182067871094, "8": 110.06148529052734, "11": 110.06148529052734, "10": 216.0222930908203, "13": null, "12": 110.06148529052734, "15": null, "14": null, "17": 202.2305145263672, "16": null, "19": 110.06148529052734, "18": 398.5359802246094}