{"1": 48.01068878173828, "0": null, "3": 498.5155029296875, "2": 1708.0216064453125, "5": 124.51136016845703, "4": 262.1783142089844, "7": null, "6": 366.1853942871094}