{"11": 48.01068878173828, "10": 98.28373718261719, "13": 370.3677978515625, "12": 101.57938385009766, "15": 294.1463317871094, "14": 367.9544372558594, "17": 113.5618896484375, "16": 798.3582763671875, "1": 118.71705627441406, "0": null, "3": 209.43568420410156, "2": 379.7656555175781, "5": 118.71705627441406, "4": 48.01068878173828, "7": 262.1783142089844, "6": 262.1783142089844, "9": 231.1779327392578, "8": null}