{"1": 97.94062805175781, "0": null, "3": 454.87005615234375, "2": 165.85816955566406, "5": null, "4": 636.4324340820312}