{"1": 48.01068878173828, "0": null, "3": 219.9720001220703, "2": 2368.625732421875, "5": 48.01068878173828, "4": 203.1112060546875, "7": 219.9720001220703, "6": 2368.625732421875, "8": null}