{"1": 165.36244201660156, "0": null, "3": 48.01068878173828, "2": 113.5618896484375, "5": 359.4571838378906, "4": 2168.162109375, "7": 1592.3123779296875, "6": 48.01068878173828, "9": null, "8": 826.6676025390625}