{"1": 48.01068878173828, "0": null, "3": 219.9720001220703, "2": 2369.07666015625, "5": 2372.320556640625, "4": 154.6717529296875, "6": null}