{"1": 150.09678649902344, "0": null, "3": 386.7846984863281, "2": 193.5240020751953, "5": 98.28373718261719, "4": 386.7846984863281, "7": 231.1779327392578, "6": 156.28823852539062, "8": 113.5618896484375}