{"1": 161.01646423339844, "0": null, "3": 498.5155029296875, "2": 586.4811401367188, "4": null}