{"1": 287.3165283203125, "0": null, "3": null, "2": 287.3165283203125}