{"1": 99.05876922607422, "0": null, "3": 48.01068878173828, "2": 2367.724365234375, "5": 219.9720001220703, "4": 2369.539794921875, "7": 219.9720001220703, "6": 552.1693115234375, "8": null}