{"1": 154.12796020507812, "0": null, "3": 714.0089721679688, "2": 232.66497802734375, "4": 113.5618896484375}