{"1": 517.1678466796875, "0": null, "3": null, "2": 517.1678466796875, "4": null}