{"1": 231.1779327392578, "0": null, "3": 231.1779327392578, "2": 717.518310546875, "5": 231.1779327392578, "4": 205.8423309326172, "7": 231.1779327392578, "6": 581.9574584960938, "9": 113.5618896484375, "8": 431.001953125}