{"1": 161.01646423339844, "0": null, "3": 98.98808288574219, "2": 2245.12744140625, "5": null, "4": 1504.708740234375, "7": null, "6": 219.9720001220703}