{"1": 398.5359802246094, "0": null, "3": null, "2": 156.28823852539062}