{"11": 340.4682922363281, "10": 2360.564697265625, "13": 99.45848083496094, "12": 344.0721130371094, "15": null, "14": 156.28823852539062, "1": null, "0": null, "3": 2370.900390625, "2": 1775.401123046875, "5": 1416.223876953125, "4": 98.98808288574219, "7": 2376.08935546875, "6": 99.45848083496094, "9": 98.98808288574219, "8": 2379.950439453125}