{"11": 713.5319213867188, "10": 99.02826690673828, "13": null, "12": 784.2987060546875, "15": null, "14": 111.56810760498047, "1": 97.52190399169922, "0": null, "3": 309.7032165527344, "2": 920.3568115234375, "5": 99.02826690673828, "4": 100.11705017089844, "7": 156.28823852539062, "6": 262.5836181640625, "9": 344.0721130371094, "8": null}