{"10": 111.2505874633789, "1": 48.01068878173828, "0": null, "3": 343.0930480957031, "2": 206.5341339111328, "5": 156.28823852539062, "4": 343.0930480957031, "7": 356.3440246582031, "6": 155.74749755859375, "9": 233.71609497070312, "8": null}