{"11": 498.5155029296875, "10": 1687.724853515625, "12": null, "1": 48.01068878173828, "0": null, "3": 498.5155029296875, "2": 2379.75732421875, "5": 48.01068878173828, "4": 2379.106201171875, "7": 48.01068878173828, "6": 1130.722900390625, "9": 498.5155029296875, "8": 2342.06005859375}