{"1": 115.41402435302734, "0": null, "3": 239.38905334472656, "2": 784.9555053710938, "5": 955.2347412109375, "4": 156.28823852539062}