{"1": 165.36244201660156, "0": null, "3": null, "2": 2343.531982421875}