{"11": 2380.7685546875, "10": null, "13": 156.28823852539062, "12": 236.52090454101562, "15": 393.945068359375, "14": null, "1": null, "0": null, "3": 236.52090454101562, "2": 2373.6181640625, "5": 48.01068878173828, "4": 156.28823852539062, "7": 2380.748046875, "6": null, "9": 156.28823852539062, "8": 236.52090454101562}