{"1": 165.36244201660156, "0": null, "3": 99.05876922607422, "2": 98.28373718261719, "5": 498.5155029296875, "4": 1264.6107177734375, "7": null, "6": 1285.5010986328125}