{"10": 300.016357421875, "1": 99.05876922607422, "0": null, "3": 99.05876922607422, "2": 98.28373718261719, "5": 314.6264343261719, "4": 1161.6890869140625, "7": 219.9720001220703, "6": null, "9": 219.9720001220703, "8": null}