{"1": 99.51375579833984, "0": null, "3": 689.6270141601562, "2": 1280.164794921875}