{"1": 262.1783142089844, "0": null, "3": 236.85260009765625, "2": 98.30352020263672, "5": 2374.116455078125, "4": 231.4198455810547, "7": 113.5618896484375, "6": 364.3157653808594}