{"1": 219.39256286621094, "0": null, "3": null, "2": 156.28823852539062, "5": 438.7187194824219, "4": 217.06903076171875, "7": 303.9461669921875, "6": 501.02374267578125, "8": null}