{"24": null, "25": 1218.94580078125, "20": 516.115966796875, "21": 516.115966796875, "22": 419.77362060546875, "23": 313.7668762207031, "1": null, "0": null, "3": 431.22637939453125, "2": 48.01068878173828, "5": 156.28823852539062, "4": 156.28823852539062, "7": 211.14996337890625, "6": 129.36769104003906, "9": 834.202392578125, "8": 48.01068878173828, "11": 1864.0821533203125, "10": 156.28823852539062, "13": 864.8099975585938, "12": 809.8920288085938, "15": 864.8099975585938, "14": 809.8920288085938, "17": 466.77825927734375, "16": 809.8920288085938, "19": 377.81243896484375, "18": 129.36769104003906}