{"1": 405.15008544921875, "0": null, "3": 327.44775390625, "2": 1156.8812255859375, "5": null, "4": 2380.458984375}