{"11": 219.9720001220703, "10": 322.9853820800781, "13": null, "12": 309.0169372558594, "1": 267.6127624511719, "0": null, "3": 285.487060546875, "2": 161.01646423339844, "5": null, "4": 156.19552612304688, "7": 405.02191162109375, "6": 535.05322265625, "9": 48.01068878173828, "8": null}