{"20": 165.36244201660156, "21": 327.7300720214844, "22": 156.28823852539062, "23": null, "1": 129.66514587402344, "0": null, "3": 217.06903076171875, "2": 307.3526916503906, "5": 217.06903076171875, "4": 217.06903076171875, "7": 217.06903076171875, "6": 217.06903076171875, "9": 147.7900390625, "8": 217.06903076171875, "11": 147.7900390625, "10": 147.7900390625, "13": 139.67453002929688, "12": 147.7900390625, "15": 317.5328674316406, "14": 139.67453002929688, "17": 1121.1961669921875, "16": null, "19": null, "18": 139.67453002929688}