{"11": 376.47857666015625, "10": null, "12": null, "1": 267.6127624511719, "0": null, "3": null, "2": 161.01646423339844, "5": 106.80059814453125, "4": 424.53363037109375, "7": 154.1780242919922, "6": 571.2078247070312, "9": 112.75567626953125, "8": 531.5228271484375}