{"1": 165.36244201660156, "0": null, "3": null, "2": 617.47900390625}