{"11": 332.7533264160156, "10": 1931.029296875, "13": 1234.7308349609375, "12": null, "14": 113.5618896484375, "1": 548.6441040039062, "0": null, "3": 363.4164123535156, "2": 110.06148529052734, "5": 202.8494415283203, "4": 853.2041015625, "7": 501.6237487792969, "6": 120.5450210571289, "9": 363.4164123535156, "8": 110.06148529052734}