{"1": 118.337646484375, "0": null, "3": 118.337646484375, "2": 118.337646484375, "5": null, "4": null}