{"1": 447.3915100097656, "0": null, "2": 1612.417236328125}