{"11": 261.24835205078125, "10": 1003.7227172851562, "12": null, "1": 99.51375579833984, "0": null, "3": 97.94062805175781, "2": 158.41024780273438, "5": 161.01646423339844, "4": 98.28373718261719, "7": 127.98406219482422, "6": 1710.35986328125, "9": 99.51375579833984, "8": 1080.7640380859375}