{"24": null, "20": null, "21": 498.5155029296875, "22": null, "23": 498.5155029296875, "1": 99.05876922607422, "0": null, "3": 498.5155029296875, "2": 2381.863525390625, "5": 99.05876922607422, "4": 98.28373718261719, "7": 498.5155029296875, "6": 2381.863525390625, "9": 99.05876922607422, "8": 98.28373718261719, "11": 498.5155029296875, "10": 2381.863525390625, "13": 99.05876922607422, "12": 231.1779327392578, "15": 99.05876922607422, "14": 98.28373718261719, "17": 99.05876922607422, "16": 2385.007568359375, "19": 498.5155029296875, "18": 2375.5810546875}