{"1": 230.8462677001953, "0": null, "3": 406.7242736816406, "2": 230.8462677001953, "4": null}