{"1": [[2, 1.0]], "2": [[3, 0.031], [4, 0.969]], "3": [], "4": [[5, 1.0]], "5": [[6, 0.969], [8, 0.031]], "6": [[5, 1.0]], "8": [[9, 0.625], [11, 0.363375], [12, 0.011625]], "9": [[11, 0.969], [12, 0.031]], "11": [[8, 1.0]], "12": [[13, 0.625], [20, 0.375]], "13": [[14, 0.5], [15, 0.5]], "14": [[15, 1.0]], "15": [[16, 1.0]], "16": [[17, 0.969], [19, 0.031]], "17": [[18, 1.0]], "18": [[16, 1.0]], "19": [[20, 1.0]], "20": [[2, 1.0]]}