{"11": 477.13031005859375, "10": 477.13031005859375, "13": 111.2505874633789, "12": 111.2505874633789, "1": 387.5083923339844, "0": null, "3": 111.2505874633789, "2": 303.21307373046875, "5": null, "4": 219.39256286621094, "7": 219.39256286621094, "6": 219.39256286621094, "9": 218.82666015625, "8": null}