{"1": 318.20416259765625, "0": null, "3": 1200.49462890625, "2": 231.21383666992188, "4": 301.3571472167969}