{"24": 48.01068878173828, "25": 156.28823852539062, "26": null, "27": null, "20": 800.6753540039062, "21": 800.6753540039062, "22": null, "23": 387.4290771484375, "28": null, "1": 417.5519714355469, "0": null, "3": 2330.173583984375, "2": 804.9677734375, "5": 156.28823852539062, "4": 48.01068878173828, "7": 1145.8592529296875, "6": 48.01068878173828, "9": 48.01068878173828, "8": 2361.708984375, "11": null, "10": 156.28823852539062, "13": 132.94949340820312, "12": 112.82005310058594, "15": 723.063720703125, "14": 48.01068878173828, "17": 156.28823852539062, "16": 498.5155029296875, "19": 800.6753540039062, "18": 800.6753540039062}