{"11": 215.35308837890625, "10": 1741.396484375, "13": 694.862060546875, "12": 331.37542724609375, "1": 98.98808288574219, "0": null, "3": 178.205078125, "2": 702.9994506835938, "5": 251.3665313720703, "4": 649.2477416992188, "7": 178.205078125, "6": 48.01068878173828, "9": 327.06561279296875, "8": 649.2477416992188}