{"1": null, "0": null, "3": 1145.96337890625, "2": 165.36244201660156, "5": 552.6922607421875, "4": 312.58203125}