{"11": null, "10": 100.74032592773438, "1": 267.6127624511719, "0": null, "3": null, "2": 161.01646423339844, "5": 97.94062805175781, "4": 535.05322265625, "7": 48.01068878173828, "6": null, "9": 219.9720001220703, "8": 322.9853820800781}