{"11": 122.76741790771484, "10": 219.9720001220703, "13": 467.4988708496094, "12": 127.98406219482422, "15": null, "14": 219.9720001220703, "1": 99.05876922607422, "0": null, "3": 99.05876922607422, "2": 238.3032989501953, "5": 2081.969970703125, "4": 1991.29541015625, "7": 1984.686279296875, "6": 719.0286254882812, "9": 2369.66845703125, "8": 48.01068878173828}