{"1": null, "0": null, "3": 156.28823852539062, "2": 293.90643310546875, "5": null, "4": 48.01068878173828, "7": 711.1023559570312, "6": null, "8": 328.2808532714844}