{"1": 187.89588928222656, "0": null, "3": 539.175537109375, "2": 187.89588928222656, "4": null}