{"1": 156.28823852539062, "0": null, "3": 600.2847290039062, "2": 293.90643310546875, "5": null, "4": 1100.2547607421875}