{"11": 566.1874389648438, "10": null, "12": null, "1": 99.05876922607422, "0": null, "3": 48.01068878173828, "2": 200.4046630859375, "5": 219.9720001220703, "4": 2370.408203125, "7": 48.01068878173828, "6": null, "9": 219.9720001220703, "8": 2253.789306640625}