{"1": 385.1650390625, "0": null, "3": 385.1650390625, "2": 385.1650390625, "5": 385.1650390625, "4": 385.1650390625, "7": null, "6": 396.5453186035156, "8": null}