{"1": 356.0378112792969, "0": null, "2": 170.04522705078125}