{"20": 127.98406219482422, "21": 105.30901336669922, "1": 48.01068878173828, "0": null, "3": 156.28823852539062, "2": 880.6762084960938, "5": 498.5155029296875, "4": null, "7": 201.0172882080078, "6": 48.01068878173828, "9": 2123.983154296875, "8": 48.01068878173828, "11": 156.28823852539062, "10": 498.5155029296875, "13": 48.01068878173828, "12": 305.0612487792969, "15": 1341.4468994140625, "14": 739.0166015625, "17": 246.2141876220703, "16": 1341.4468994140625, "19": null, "18": 816.9530639648438}