{"1": 48.01068878173828, "0": null, "3": 498.5155029296875, "2": 463.4581604003906, "4": 387.7927551269531}