{"1": 164.9205322265625, "0": null, "3": 231.1779327392578, "2": 621.15673828125, "5": 368.00921630859375, "4": 1133.00927734375, "7": 231.1779327392578, "6": 156.28823852539062, "8": 113.5618896484375}