{"20": null, "21": 219.9720001220703, "22": null, "1": 48.01068878173828, "0": null, "3": 219.9720001220703, "2": 205.72398376464844, "5": 99.05876922607422, "4": 110.06148529052734, "7": 48.01068878173828, "6": 2367.041259765625, "9": 48.01068878173828, "8": 313.13665771484375, "11": 48.01068878173828, "10": 313.13665771484375, "13": 302.3706970214844, "12": 154.6402587890625, "15": 219.9720001220703, "14": 884.3839721679688, "17": 219.9720001220703, "16": 441.2276611328125, "19": 219.9720001220703, "18": 441.2276611328125}