{"10": null, "1": 158.83714294433594, "0": null, "3": null, "2": 152.07363891601562, "5": 426.8349914550781, "4": 99.51375579833984, "7": null, "6": 426.8349914550781, "9": 389.02984619140625, "8": 158.50946044921875}