{"10": null, "1": 110.06148529052734, "0": null, "3": 1672.7686767578125, "2": 99.05876922607422, "5": 306.37005615234375, "4": 48.01068878173828, "7": null, "6": 219.9720001220703, "9": null, "8": 219.9720001220703}