{"20": 129.587890625, "21": 397.48974609375, "22": 113.5618896484375, "1": 507.84161376953125, "0": null, "3": 128.93496704101562, "2": 328.39654541015625, "5": null, "4": 348.57098388671875, "7": 156.28823852539062, "6": 268.5744934082031, "9": 99.05876922607422, "8": null, "11": 113.68832397460938, "10": 143.86892700195312, "13": null, "12": 217.96713256835938, "15": 156.28823852539062, "14": 238.01393127441406, "17": 288.2101135253906, "16": null, "19": null, "18": 217.96713256835938}