{"24": 1188.34521484375, "25": 156.28823852539062, "26": null, "27": 627.1344604492188, "20": 169.50680541992188, "21": 1188.34521484375, "22": 760.208740234375, "23": 169.50680541992188, "1": null, "0": null, "3": 48.01068878173828, "2": 297.3374328613281, "5": 390.8214111328125, "4": 169.50680541992188, "7": null, "6": 656.1795043945312, "9": 297.3374328613281, "8": 498.5155029296875, "11": 169.50680541992188, "10": 48.01068878173828, "13": 215.35308837890625, "12": 390.8214111328125, "15": null, "14": 656.1795043945312, "17": 48.01068878173828, "16": 498.5155029296875, "19": 1606.8046875, "18": 156.28823852539062}