{"1": 99.05876922607422, "0": null, "3": 219.9720001220703, "2": 1305.497314453125, "4": 111.2505874633789}