{"1": 99.51375579833984, "0": null, "3": null, "2": null, "4": 725.219970703125}