{"11": 231.1779327392578, "10": 231.1779327392578, "12": 113.5618896484375, "1": 226.04580688476562, "0": null, "3": 231.1779327392578, "2": 226.04580688476562, "5": 223.47412109375, "4": 1161.0736083984375, "7": 231.1779327392578, "6": 99.05876922607422, "9": 99.05876922607422, "8": 498.5155029296875}