{"11": 498.5155029296875, "10": null, "12": 391.24578857421875, "1": 97.73753356933594, "0": null, "3": 156.28823852539062, "2": 481.4227600097656, "5": 97.73753356933594, "4": 313.13665771484375, "7": 498.5155029296875, "6": 1438.97021484375, "9": 156.28823852539062, "8": 481.4227600097656}