{"10": 113.5618896484375, "1": 98.30352020263672, "0": null, "3": 604.7417602539062, "2": 554.979736328125, "5": 615.1091918945312, "4": 156.28823852539062, "7": 156.28823852539062, "6": 551.3170166015625, "9": 788.1741333007812, "8": 98.28373718261719}