{"1": 98.98808288574219, "0": null, "3": 165.36244201660156, "2": 156.28823852539062, "5": null, "4": 1546.81201171875, "7": null, "6": null}