{"11": 490.472412109375, "10": 459.43865966796875, "12": null, "1": 161.01646423339844, "0": null, "3": 98.98808288574219, "2": 2231.672119140625, "5": 48.01068878173828, "4": 325.3595275878906, "7": 219.9720001220703, "6": 306.37005615234375, "9": 48.01068878173828, "8": 97.94062805175781}