{"1": 735.2728881835938, "0": null, "3": null, "2": 1658.1639404296875, "5": 113.5618896484375, "4": 498.4609680175781}