{"1": 211.86793518066406, "0": null, "3": 231.1779327392578, "2": 1178.0634765625, "5": 48.01068878173828, "4": null, "7": 496.5358581542969, "6": 2232.234619140625}