{"1": 308.27587890625, "0": null, "3": 778.923583984375, "2": 365.05560302734375, "5": 113.5618896484375, "4": 231.1779327392578}