{"1": 652.6884765625, "0": null, "3": 1681.6756591796875, "2": 98.30352020263672, "5": 98.28373718261719, "4": 1379.5760498046875, "6": 113.5618896484375}