{"1": [[5, 0.625], [4, 0.234375], [3, 0.140625]], "3": [[11, 1.0]], "4": [[5, 1.0]], "5": [[9, 0.625], [8, 0.234375], [7, 0.140625]], "7": [[11, 1.0]], "8": [[9, 1.0]], "9": [[11, 1.0]], "11": []}