{"1": 435.2791442871094, "0": null, "2": 30.007652282714844}