{"11": 97.52190399169922, "1": 48.01068878173828, "13": null, "12": 779.1236572265625, "20": 113.5618896484375, "14": 156.28823852539062, "17": null, "16": 515.2939453125, "19": 231.1779327392578, "18": 127.98406219482422, "15": 156.28823852539062, "0": null, "3": 160.49081420898438, "2": 99.02826690673828, "5": 61.87153625488281, "4": 231.1779327392578, "7": 48.01068878173828, "6": 231.1779327392578, "9": 354.8607177734375, "8": 191.61383056640625, "10": 357.2081604003906}