{"1": [[2, 0.969], [19, 0.031]], "2": [[3, 0.625], [16, 0.375]], "3": [[4, 0.031], [5, 0.969]], "4": [[20, 1.0]], "5": [[6, 0.031], [7, 0.969]], "6": [[20, 1.0]], "7": [[9, 0.031], [8, 0.969]], "8": [[9, 0.031], [10, 0.969]], "9": [[20, 1.0]], "10": [[11, 1.0]], "11": [[12, 0.625], [14, 0.363375], [15, 0.011625]], "12": [[14, 0.969], [15, 0.031]], "15": [[18, 1.0]], "16": [[18, 1.0]], "19": [[20, 1.0]], "18": [], "20": [], "14": []}