{"11": 99.05876922607422, "1": 99.05876922607422, "13": 99.05876922607422, "12": 98.28373718261719, "20": null, "14": 2367.097412109375, "17": 498.5155029296875, "16": null, "19": 498.5155029296875, "18": null, "15": 498.5155029296875, "0": null, "3": 99.05876922607422, "2": 98.28373718261719, "5": 498.5155029296875, "4": 773.4617309570312, "7": 498.5155029296875, "6": null, "9": 99.05876922607422, "8": 231.1779327392578, "10": 98.28373718261719}