{"11": null, "10": null, "13": 99.51375579833984, "12": 106.80059814453125, "15": 99.51375579833984, "14": 106.80059814453125, "17": null, "16": null, "1": null, "0": null, "3": 48.01068878173828, "2": null, "5": 219.9720001220703, "4": null, "7": 187.88853454589844, "6": 158.88531494140625, "9": 48.01068878173828, "8": null}