{"11": 156.28823852539062, "10": 407.96649169921875, "13": null, "12": 209.43568420410156, "1": 398.5359802246094, "0": null, "3": 156.28823852539062, "2": 306.4519958496094, "5": 398.5359802246094, "4": 48.01068878173828, "7": 156.28823852539062, "6": 306.4519958496094, "9": 99.51375579833984, "8": 156.28823852539062}