{"10": 113.5618896484375, "1": 231.1779327392578, "0": null, "3": 487.38983154296875, "2": 161.01646423339844, "5": 454.0401611328125, "4": 512.7512817382812, "7": 215.35308837890625, "6": 48.01068878173828, "9": 810.6804809570312, "8": 217.96713256835938}