{"11": null, "10": 1805.0411376953125, "12": 2357.5478515625, "1": 825.002197265625, "0": null, "3": 96.25650787353516, "2": 231.1779327392578, "5": 124.83853912353516, "4": 297.3374328613281, "7": 742.314453125, "6": 250.00228881835938, "9": 308.1309814453125, "8": 186.46278381347656}