{"1": 156.28823852539062, "0": null, "3": 987.8682861328125, "2": 293.90643310546875}