{"11": 814.1171264648438, "10": 48.01068878173828, "13": 381.7315979003906, "12": 269.0918884277344, "14": null, "1": 1156.0513916015625, "0": null, "3": 99.51375579833984, "2": 209.43568420410156, "5": 381.7315979003906, "4": 787.9241943359375, "7": 579.215576171875, "6": 639.778564453125, "9": 979.8871459960938, "8": 99.51375579833984}