{"1": 98.28373718261719, "0": null, "3": 1392.1051025390625, "2": 99.05876922607422, "5": 156.28823852539062, "4": 498.5155029296875, "6": null}