{"1": 48.01068878173828, "0": null, "3": 498.5155029296875, "2": 2358.919921875, "4": null}