{"1": 231.1779327392578, "0": null, "3": 231.1779327392578, "2": 104.28986358642578, "5": 448.67449951171875, "4": 97.00157165527344, "7": 685.3591918945312, "6": 104.28986358642578, "9": 113.5618896484375, "8": 231.1779327392578}