{"11": 213.53456115722656, "1": 310.54046630859375, "13": 165.5137176513672, "12": 197.6913299560547, "20": null, "14": 310.54046630859375, "17": 628.33642578125, "16": 99.05876922607422, "19": 435.2791442871094, "18": 1156.3607177734375, "15": 98.28373718261719, "0": null, "3": 426.1701354980469, "2": 162.00071716308594, "5": 459.47735595703125, "4": 459.47735595703125, "7": null, "6": 424.82171630859375, "9": 381.7315979003906, "8": 1573.49755859375, "10": 48.01068878173828}