{"11": 48.01068878173828, "10": 231.1779327392578, "13": 191.61383056640625, "12": 191.61383056640625, "15": 156.28823852539062, "14": 231.1779327392578, "17": 113.5618896484375, "16": 212.16360473632812, "1": 231.1779327392578, "0": null, "3": 48.01068878173828, "2": 142.5984649658203, "5": null, "4": 731.2318725585938, "7": 1161.0736083984375, "6": 628.6822509765625, "9": 231.1779327392578, "8": 97.44710540771484}