{"1": [[17, 1.0]], "2": [[3, 1.0]], "3": [[4, 0.625], [6, 0.022125], [7, 0.352875]], "4": [[6, 0.059], [7, 0.941]], "6": [[3, 1.0]], "7": [[8, 0.5], [11, 0.5]], "8": [[9, 0.375], [10, 0.625]], "9": [[17, 1.0]], "10": [[16, 1.0]], "11": [[12, 0.625], [15, 0.375]], "12": [[13, 0.5], [15, 0.5]], "13": [[14, 0.5], [15, 0.5]], "14": [[15, 1.0]], "15": [[16, 1.0]], "16": [[17, 1.0]], "17": []}