{"1": 233.46348571777344, "0": null, "3": 211.86793518066406, "2": 93.3887939453125, "5": 231.1779327392578, "4": 2280.211669921875, "7": 48.01068878173828, "6": 166.92483520507812, "9": 258.5862121582031, "8": 925.5975952148438}