{"11": 435.2791442871094, "10": 398.5359802246094, "13": 98.30352020263672, "12": 231.98268127441406, "15": 231.1779327392578, "14": 411.3902893066406, "17": 231.1779327392578, "16": null, "18": 113.5618896484375, "1": 156.28823852539062, "0": null, "3": 156.28823852539062, "2": 156.28823852539062, "5": 156.28823852539062, "4": 98.30352020263672, "7": 398.5359802246094, "6": 156.28823852539062, "9": 156.28823852539062, "8": 231.1779327392578}