{"11": 220.151611328125, "10": 106.80059814453125, "13": 290.32330322265625, "12": 305.9731750488281, "14": null, "1": 381.7315979003906, "0": null, "3": 99.51375579833984, "2": 196.76478576660156, "5": 48.01068878173828, "4": 106.80059814453125, "7": 106.80059814453125, "6": 99.51375579833984, "9": null, "8": 106.80059814453125}