{"11": 98.28373718261719, "10": null, "13": 1900.9449462890625, "12": 161.01646423339844, "15": 97.94062805175781, "14": 219.9720001220703, "17": null, "16": null, "1": null, "0": null, "3": 948.21240234375, "2": 380.6182861328125, "5": 2353.736328125, "4": 2353.736328125, "7": 2362.68701171875, "6": 2362.68701171875, "9": 118.337646484375, "8": 359.2476501464844}