{"1": 702.9994506835938, "0": null, "3": 48.01068878173828, "2": 711.2758178710938, "5": 933.2764282226562, "4": 746.636962890625, "7": 351.46649169921875, "6": 98.98808288574219}