{"11": 113.5618896484375, "10": 623.3134155273438, "1": null, "0": null, "3": null, "2": 206.5341339111328, "5": null, "4": 99.51375579833984, "7": null, "6": 671.1995849609375, "9": 110.06148529052734, "8": null}