{"1": 222.78005981445312, "0": null, "3": 101.16937255859375, "2": 335.15472412109375}