{"11": 98.28373718261719, "10": 310.54046630859375, "13": 393.7301025390625, "12": 97.73753356933594, "15": null, "14": 498.5155029296875, "1": 48.01068878173828, "0": null, "3": 498.5155029296875, "2": 207.1799774169922, "5": 448.35406494140625, "4": 48.01068878173828, "7": 48.01068878173828, "6": 448.35406494140625, "9": 1282.6612548828125, "8": 310.54046630859375}